-- MySQL dump 10.13  Distrib 5.7.19, for Linux (x86_64)
--
-- Host: localhost    Database: books
-- ------------------------------------------------------
-- Server version	5.7.19

/*!40101 SET @OLD_CHARACTER_SET_CLIENT=@@CHARACTER_SET_CLIENT */;
/*!40101 SET @OLD_CHARACTER_SET_RESULTS=@@CHARACTER_SET_RESULTS */;
/*!40101 SET @OLD_COLLATION_CONNECTION=@@COLLATION_CONNECTION */;
/*!40101 SET NAMES utf8 */;
/*!40103 SET @OLD_TIME_ZONE=@@TIME_ZONE */;
/*!40103 SET TIME_ZONE='+00:00' */;
/*!40014 SET @OLD_UNIQUE_CHECKS=@@UNIQUE_CHECKS, UNIQUE_CHECKS=0 */;
/*!40014 SET @OLD_FOREIGN_KEY_CHECKS=@@FOREIGN_KEY_CHECKS, FOREIGN_KEY_CHECKS=0 */;
/*!40101 SET @OLD_SQL_MODE=@@SQL_MODE, SQL_MODE='NO_AUTO_VALUE_ON_ZERO' */;
/*!40111 SET @OLD_SQL_NOTES=@@SQL_NOTES, SQL_NOTES=0 */;

--
-- Table structure for table `Author`
--

DROP TABLE IF EXISTS `Author`;
/*!40101 SET @saved_cs_client     = @@character_set_client */;
/*!40101 SET character_set_client = utf8 */;
CREATE TABLE `Author` (
  `authorID` bigint(20) NOT NULL AUTO_INCREMENT,
  `name` varchar(45) COLLATE utf8_swedish_ci DEFAULT NULL,
  `surname` varchar(45) COLLATE utf8_swedish_ci DEFAULT NULL,
  PRIMARY KEY (`authorID`),
  UNIQUE KEY `authorID_UNIQUE` (`authorID`),
  UNIQUE KEY `name_UNIQUE` (`name`,`surname`)
) ENGINE=InnoDB AUTO_INCREMENT=425 DEFAULT CHARSET=utf8 COLLATE=utf8_swedish_ci;
/*!40101 SET character_set_client = @saved_cs_client */;

--
-- Dumping data for table `Author`
--

LOCK TABLES `Author` WRITE;
/*!40000 ALTER TABLE `Author` DISABLE KEYS */;
INSERT INTO `Author` VALUES (309,NULL,'Kar de Mumma'),(68,'Agatha','Christie'),(230,'Alan Dean','Foster'),(414,'Alastair','MacNeill'),(10,'Alex','Homer'),(352,'Alfred','Barnard'),(328,'Alisdair','Rogers'),(413,'Alistair','MacLean'),(102,'Andrea','Chiarelli'),(141,'Andrew','Binstock'),(151,'Andy','Johnston'),(29,'Anita','Amirrezvani'),(185,'Ann','Cleeves'),(242,'Anna','Gavalda'),(291,'Anna','Holt'),(296,'Anna','Jansson'),(174,'Anne','Delbée'),(44,'Antony','Beevor'),(358,'Arne','Häggqvist'),(69,'Arthur C.','Clarke'),(197,'Arthur Conan','Doyle'),(249,'Artur','Golden'),(61,'Augustin','Burroughs'),(43,'Belinda','Bauer'),(73,'Bengt','Anderberg'),(367,'Bengt','Dagrin'),(346,'Bengt','Klintberg, af'),(372,'Bernard','Myers'),(79,'Bertil','Hökby'),(110,'Bill','Kropog'),(333,'Bjarne','Darwall'),(221,'Björn','Ferry'),(282,'Björn','Hellberg'),(320,'Björn','Holmström'),(332,'Bo','Widfeldt'),(228,'Bodil','Forsberg'),(49,'Boel','Bermann'),(262,'Bradley Trevor','Greive'),(305,'Brendan','Sanderson'),(214,'Bret Easton','Ellis'),(7,'Brian','Francis'),(294,'Brian','Jacques'),(402,'Brian','Leiter'),(23,'Brian W.','Aldiss'),(72,'Bruce','Eckel'),(404,'C. S.','Lewis'),(412,'Camilla','Läckberg'),(246,'Carin','Gerhardsen'),(348,'Carl Michael','Bellman'),(375,'Carl-Johan','Gadd'),(74,'Carl-Uno','Sjöblom'),(272,'Carola','Hansson'),(248,'Cathy','Glass'),(158,'Cay S.','Horstmann'),(268,'Cecilia','Hagen'),(299,'Celeste','Jones'),(371,'Chantal','Séréville, de'),(177,'Charles','Dickens'),(28,'Charlotte','Vale-Allen'),(22,'Chimamanda Ngozi','Adichie'),(107,'Chris','Blexrud'),(127,'Chris','Scollo'),(285,'Christina','Herrström'),(347,'Christina','Mattsson'),(148,'Christoffer','Andersson'),(382,'Christopher','Evans'),(62,'Clare','Campbell'),(231,'Clare','Francis'),(196,'Colette','Dowling'),(203,'Connie','Willis'),(11,'Craig','McQueen'),(398,'D. H.','Lawrence'),(59,'Dan','Brown'),(6,'Dan','Denault'),(261,'Dan','Greenburg'),(149,'Daniel','Freeman'),(385,'Daniel','Keyes'),(27,'Dante','Alighieri'),(253,'Dave','Goulson'),(99,'Dave','Sussman'),(39,'David','Baldacci'),(207,'David','Eberhard'),(211,'David','Eddings'),(156,'David','Flanagan'),(244,'David','Gemmell'),(355,'David','Kenning'),(393,'David','Lagercrantz'),(130,'David A.','Solomon'),(160,'David M.','Geary'),(111,'Dean','Sonderegger'),(391,'Dean R.','Koontz'),(400,'Dennis','Lehane'),(128,'Depak','Veliath'),(353,'Derek','Cooper'),(37,'Desmond','Bagley'),(19,'Diane','Ackerman'),(101,'Dino','Esposito'),(143,'Donald E.','Knuth'),(165,'Doris','Dahlin'),(401,'Doris','Lessing'),(20,'Douglas','Adams'),(191,'Douglas','Coupland'),(229,'E. M.','Forster'),(225,'E. Scott','Fitzgerald'),(161,'Ed','McGivern'),(171,'Edmund','de Waal'),(342,'Einar','Lyth'),(321,'Einar','Werner'),(360,'Elisabeth','Ekstrand-Hemmingsson'),(245,'Elizabeth','George'),(157,'Elliotte Rusty','Harold'),(344,'Elsa Marianne','Stuart'),(369,'Eoin','Higgins'),(410,'Eric','Lundqvist'),(411,'Eric','Lustbader, van'),(303,'Erica','Jong'),(1,'Erik','Dahlman'),(257,'Erik','Granström'),(366,'Erik','Lindorm'),(387,'Esther Ahn','Kim'),(77,'Eva','Rudskog'),(30,'Evelyn','Anthony'),(298,'Eyvind','Johnson'),(314,'Fiona','Goble'),(181,'Fjodor','Dostojevskij'),(284,'Frank','Herbert'),(48,'Frans G.','Bengtsson'),(306,'Franz','Kafka'),(173,'Frédérique','Deghelt'),(36,'Fredrik','Backman'),(406,'Frej','Lindqvist'),(113,'Ganesh','Prasad'),(159,'Gary','Cornell'),(133,'Gary','Nebbett'),(70,'Gentry','Lee'),(114,'Geoff','Sherlock'),(374,'Geoff','Tibballs'),(105,'George','Reilly'),(420,'George R. R.','Martin'),(17,'Geraldine','Brooks'),(75,'Gilbert','Obermair'),(199,'Gillian','Flynn'),(233,'Gina','French'),(45,'Gioconda','Belli'),(390,'Gisa','Klönne'),(258,'Graham','Greene'),(331,'Gunnar','Lindqvist'),(376,'Gustaf','Wollin'),(80,'Gösta','Åberg'),(290,'Hanne-Vibeke','Holst'),(25,'Hans','Alfredsson'),(125,'Harish','Rawat'),(186,'Harlan','Coben'),(373,'Harry','Asher'),(134,'Harry H.','Brelsford'),(223,'Helen','Fielding'),(362,'Helmer','Jansson'),(140,'Herb','Sutter'),(350,'Herman','Lindqvist'),(40,'Iain M.','Banks'),(119,'Ian','Dickson'),(150,'Ian','James'),(421,'Ian','McDonald'),(219,'Ildefonso','Falcones'),(26,'Inger','Alfvén'),(405,'Inger M.','Lindgren'),(378,'Ira Stephen','Behr'),(15,'Isaac','Asimov'),(357,'Iwan W.','Fischerström'),(318,'J. B.','Wood'),(54,'James','Blish'),(184,'James','Clavell'),(316,'James','Tarr'),(313,'Jan','Bird'),(265,'Jan','Guillou'),(334,'Jan','Hartog, De'),(136,'Jan','Skansholm'),(192,'Jasmine','Cresswell'),(252,'Jason','Goodwin'),(179,'Jay','Dobyns'),(392,'Jay','Kristoff'),(256,'Jean-Cristophe','Grangé'),(132,'Jeff','Prosise'),(172,'Jeffery','Deaver'),(31,'Jeffrey','Archer'),(220,'Jennifer','Fallon'),(178,'Jenny','Diski'),(215,'Jenny','Engelke'),(264,'Jenny','Gucci'),(395,'Jens','Lapidus'),(317,'Jerry','Lee'),(82,'Jesper','Ek'),(124,'Jesus','Castagnetto'),(189,'Jilly','Cooper'),(16,'Jim','Murray'),(379,'Jim','Supica'),(286,'Joanna','Hershon'),(273,'Joanne','Harris'),(202,'Joe','Abercrombie'),(288,'Joe','Hill'),(122,'Joel','Rowbottom'),(270,'Johan','Hakelius'),(3,'Johan','Sköld'),(41,'John','Banville'),(64,'John','Carré, Le'),(263,'John','Grisham'),(330,'John','Newell'),(142,'John','Rex'),(13,'John','Schenken'),(278,'John Twelve','Hawks'),(238,'Jonas','Gardell'),(386,'Jonas Hassen','Khemiri'),(311,'Jonathan','Kellerman'),(117,'Jonathan','Kelly'),(118,'Jonathan','Pinnock'),(237,'Jostein','Gaarder'),(222,'Joy','Fielding'),(301,'Juliana','Buhring'),(343,'Julius','Kapp'),(195,'Justin','Cronin'),(180,'Jörn','Donner'),(403,'Kalle','Lind'),(55,'Karin','Boye'),(32,'Kelley','Armstrong'),(227,'Ken','Follett'),(324,'Ken','Fuchs'),(14,'Kevin','Williams'),(325,'Klaus','Schakt'),(359,'Knutte','Sundin'),(65,'Kristin','Cashore'),(300,'Kristina','Jones'),(340,'Kristoffer','Lind'),(312,'Larry','Nemecek'),(154,'Lars','Axelsson'),(310,'Lars','Kepler'),(50,'Lauren','Beukes'),(67,'Lee','Child'),(339,'Leif','Eriksson'),(212,'Leigh','Eddings'),(208,'Lena','Ebervall'),(283,'Lennart','Hellsing'),(241,'Leon','Garfield'),(198,'Lesley','Downer'),(381,'Lew','Weinstein'),(280,'Lian','Hearn'),(42,'Linwood','Barclay'),(418,'Liza','Marklund'),(34,'Lorayne','Ashton'),(60,'Lothar-Günther','Buchheim'),(206,'Loup','Durand'),(377,'Mads','Rydman'),(153,'Manuel','Castells'),(337,'Marc','Okrand'),(351,'Marc A.','Hoffmann'),(9,'Marco','Gregorini'),(51,'Marcus','Birro'),(266,'Maria','Gustavsdotter'),(38,'Marjaneh','Bakhtiari'),(269,'Mark','Haddon'),(368,'Mark','Holland'),(399,'Mark','Lawrence'),(424,'Mark','Mills'),(116,'Mark','Wilcox'),(131,'Mark E.','Russinovich'),(155,'Martin','Hidefjäll'),(182,'Mary','Higgins-Clark'),(8,'Matthew','Gibbs'),(239,'Mattias','Gardell'),(58,'Max','Brooks'),(240,'Meg','Gardiner'),(188,'Michael','Connelly'),(193,'Michael','Crichton'),(163,'Michael','Cunningham'),(144,'Michael','Duck'),(260,'Michael','Greenberg'),(354,'Michael','Jackson'),(336,'Michael','Okuda'),(416,'Michelle','Magorian'),(121,'Mike','Banahan'),(115,'Mike','Boerner'),(396,'Mogens Trolle','Larsen'),(308,'Mons','Kallentoft'),(18,'Muriel','Barbery'),(35,'Nadeem','Aslam'),(338,'Nancy','McPhee'),(307,'Natascha','Kampusch'),(33,'Neal','Asher'),(200,'Neil','Gaiman'),(217,'Nicholas','Evans'),(293,'Nick','Hornby'),(329,'Nigel','Calder'),(123,'Nikhilesh Kumar','Mandalay'),(53,'Nina','Björk'),(218,'Nomi','Eve'),(323,'Olaf','Vancura'),(250,'Olivia','Goldsmith'),(295,'P. D.','James'),(297,'Pamela','Jaskoviak'),(190,'Patricia','Cornwell'),(409,'Patrick','Larkin'),(201,'Patrick','Rothfuss'),(363,'Patrik','Melin'),(349,'Paul','Simon'),(370,'Paul','Trainer'),(243,'Pauline','Gedge'),(187,'Paulo','Coelho'),(226,'Per Anders','Fogelström'),(209,'Per E.','Samuelsson'),(46,'Peter','Benchley'),(52,'Peter','Berlin'),(145,'Peter','Bishop'),(167,'Peter','David'),(216,'Peter','Englund'),(383,'Peter','Evans'),(271,'Peter F.','Hamilton'),(384,'Philip','Kerr'),(176,'Philip K.','Dick'),(259,'Philippa','Gregory'),(183,'Philippe','Claudel'),(415,'Pierre','Magnan'),(175,'Rachel','Dewoskin'),(327,'Ragnhild','Hatton'),(417,'Rani','Manicka'),(224,'Raymond E.','Feist'),(287,'Reginald','Hill'),(21,'Richard','Adams'),(5,'Richard','Anderson'),(168,'Richard','Davis'),(170,'Richard','Dawkins'),(380,'Richard','Nahas'),(120,'Richard','Ollerenshaw'),(146,'Richard','Read'),(164,'Richie Tankersley','Cusick'),(335,'Rick','Sternbach'),(236,'Robert','Galbraith'),(274,'Robert','Harris'),(356,'Robert','Jackson'),(304,'Robert','Jordan'),(408,'Robert','Ludlum'),(281,'Robert A.','Heinlein'),(194,'Robert X.','Cringely'),(169,'Robertson','Davies'),(289,'Robin','Hobb'),(365,'Rory','Guinness'),(389,'Rudyard','Kipling'),(319,'S. P.','Fjestad'),(126,'Sacha','Schumann'),(267,'Sandra','Gustafsson'),(232,'Sarah','Fraser'),(234,'Scott','Frost'),(204,'Scott','Lynch'),(138,'Scott','Meyers'),(394,'Selma','Lagerlöf'),(254,'Seth','Grahame-Smith'),(147,'Simon','Haykin'),(12,'Simon','Robinson'),(152,'Staffan','Ljung'),(81,'Stanley B.','Lippman'),(2,'Stefan','Parkvall'),(364,'Sten','Söderberg'),(422,'Stephanie','Meyer'),(277,'Stephen','Hawking'),(388,'Stephen','King'),(423,'Stephen','Miller'),(139,'Stephen','Prata'),(397,'Stieg','Larsson'),(255,'Sue','Grafton'),(275,'Sue','Harrison'),(24,'Susanna','Alakoski'),(361,'Sören','Hemmingsson'),(166,'Tage','Danielsson'),(137,'Terrence','Chan'),(251,'Terry','Goodkind'),(302,'Terry','Jones'),(71,'Tony','Buzan'),(135,'Torbjörn','Andréasson'),(76,'Tore','Sandgren'),(279,'Torey','Hayden'),(276,'Tormod','Haugen'),(213,'Torsten','Ehrenmark'),(66,'Tracy','Chevalier'),(63,'Trudi','Canavan'),(78,'Ulf','Bergengren'),(210,'Umberto','Eco'),(205,'Unni','Drougge'),(326,'Verner','Heidenstam, von'),(47,'Victoria','Benedictsson'),(292,'Victoria','Holt'),(129,'Walter','Oney'),(247,'William','Gibson'),(315,'William','Reid'),(407,'William J.','Long'),(56,'Willy','Breinholst'),(419,'Yann','Martel'),(162,'Yasmin','Crowther'),(341,'Örjan','Westerlund');
/*!40000 ALTER TABLE `Author` ENABLE KEYS */;
UNLOCK TABLES;

--
-- Table structure for table `AuthorMap`
--

DROP TABLE IF EXISTS `AuthorMap`;
/*!40101 SET @saved_cs_client     = @@character_set_client */;
/*!40101 SET character_set_client = utf8 */;
CREATE TABLE `AuthorMap` (
  `bookID` bigint(20) NOT NULL,
  `authorID` bigint(20) NOT NULL,
  PRIMARY KEY (`bookID`,`authorID`),
  UNIQUE KEY `bookID_UNIQUE` (`bookID`,`authorID`)
) ENGINE=InnoDB DEFAULT CHARSET=utf8 COLLATE=utf8_swedish_ci;
/*!40101 SET character_set_client = @saved_cs_client */;

--
-- Dumping data for table `AuthorMap`
--

LOCK TABLES `AuthorMap` WRITE;
/*!40000 ALTER TABLE `AuthorMap` DISABLE KEYS */;
INSERT INTO `AuthorMap` VALUES (1,148),(1,149),(1,150),(1,151),(1,152),(2,5),(2,6),(2,7),(2,8),(2,10),(2,11),(2,12),(2,13),(2,99),(2,101),(2,102),(2,105),(2,107),(2,110),(2,111),(3,5),(3,6),(3,7),(3,8),(3,9),(3,10),(3,11),(3,12),(3,13),(4,113),(4,114),(4,115),(4,116),(4,117),(4,118),(4,119),(4,120),(4,121),(4,122),(4,123),(5,124),(5,125),(5,126),(5,127),(5,128),(6,129),(7,130),(7,131),(8,132),(9,133),(10,134),(12,135),(12,136),(13,137),(14,81),(15,138),(16,139),(17,140),(18,82),(19,141),(19,142),(20,143),(21,143),(22,143),(23,144),(23,145),(23,146),(24,147),(25,153),(26,1),(26,2),(26,3),(27,154),(27,155),(32,156),(33,157),(34,158),(34,159),(35,160),(36,72),(37,72),(38,76),(38,77),(38,78),(39,76),(39,321),(40,320),(41,75),(42,74),(43,74),(44,326),(45,325),(46,71),(47,71),(48,323),(48,324),(49,327),(50,350),(51,350),(76,331),(76,332),(79,329),(79,330),(80,328),(81,378),(82,337),(83,337),(84,335),(84,336),(85,334),(87,333),(111,348),(112,343),(113,344),(114,341),(115,342),(116,20),(117,73),(117,346),(117,347),(119,20),(120,349),(124,354),(125,352),(126,351),(127,353),(128,16),(129,16),(130,16),(131,16),(132,16),(133,16),(134,16),(135,16),(136,16),(137,16),(138,357),(139,358),(140,359),(141,360),(141,361),(142,362),(142,363),(142,364),(143,365),(144,355),(144,356),(146,16),(147,48),(148,48),(149,48),(150,48),(151,48),(152,48),(153,48),(154,48),(155,366),(156,366),(157,366),(158,366),(162,368),(163,377),(165,79),(165,80),(166,339),(166,340),(168,338),(171,367),(172,19),(173,20),(174,20),(175,21),(176,21),(177,22),(178,23),(179,24),(180,24),(181,25),(182,25),(183,26),(184,27),(185,28),(186,29),(187,30),(188,31),(189,31),(190,32),(191,32),(192,33),(193,34),(194,15),(195,15),(196,15),(197,15),(198,15),(199,15),(200,15),(201,15),(202,15),(203,15),(204,15),(205,15),(206,15),(207,15),(208,15),(209,15),(210,15),(211,15),(212,35),(213,36),(214,36),(215,37),(216,38),(217,39),(218,39),(219,40),(220,313),(221,371),(221,372),(222,375),(222,376),(223,374),(224,373),(225,369),(225,370),(226,312),(227,379),(227,380),(228,381),(231,314),(232,315),(233,316),(234,317),(235,318),(236,161),(237,319),(238,319),(239,40),(240,41),(241,18),(242,18),(243,42),(244,43),(245,44),(246,45),(247,46),(248,46),(249,47),(250,48),(251,49),(252,50),(253,51),(254,52),(255,53),(256,54),(257,55),(258,56),(259,17),(260,58),(261,58),(262,59),(263,60),(264,61),(265,62),(266,63),(268,63),(269,63),(270,63),(271,63),(272,63),(273,63),(274,63),(275,63),(276,64),(277,65),(278,65),(279,65),(280,66),(281,67),(282,67),(283,68),(284,68),(285,68),(286,68),(287,69),(288,69),(289,69),(290,69),(291,69),(292,69),(293,69),(294,69),(295,69),(295,70),(296,182),(297,183),(298,184),(299,185),(300,186),(301,186),(302,187),(303,188),(304,188),(305,188),(306,189),(307,190),(308,190),(309,190),(310,190),(311,190),(312,190),(313,191),(314,191),(315,192),(316,193),(317,193),(318,194),(319,195),(320,195),(321,162),(322,163),(323,164),(324,165),(325,166),(326,167),(327,168),(328,169),(329,170),(330,170),(331,171),(332,172),(333,172),(334,173),(335,174),(336,175),(337,176),(338,176),(339,177),(340,177),(341,177),(342,178),(343,179),(344,180),(345,181),(346,181),(347,196),(348,197),(349,197),(350,198),(351,199),(351,200),(351,201),(351,202),(351,203),(351,204),(352,205),(353,205),(354,206),(355,207),(356,207),(357,207),(358,207),(359,208),(359,209),(360,210),(361,210),(362,211),(362,212),(363,211),(363,212),(364,211),(364,212),(365,213),(366,214),(367,215),(368,216),(369,382),(369,383),(370,217),(371,218),(372,219),(373,219),(374,220),(375,220),(376,220),(377,221),(378,222),(379,224),(380,222),(381,223),(382,225),(383,226),(384,227),(385,227),(386,227),(387,227),(388,228),(389,229),(390,230),(391,231),(392,232),(393,233),(394,234),(395,200),(396,236),(397,237),(398,238),(399,238),(400,239),(401,240),(402,241),(403,242),(404,243),(405,243),(406,244),(407,245),(408,245),(409,246),(410,247),(411,247),(412,247),(413,247),(414,248),(415,249),(416,250),(417,251),(418,251),(419,251),(420,251),(421,252),(422,253),(423,254),(424,255),(425,256),(426,257),(427,258),(428,258),(429,258),(430,259),(431,260),(432,261),(433,262),(434,263),(435,263),(436,263),(437,263),(438,263),(439,263),(440,263),(441,264),(442,265),(443,265),(444,265),(445,265),(446,265),(447,265),(448,265),(449,265),(450,265),(451,265),(452,265),(453,266),(454,267),(455,268),(456,269),(457,270),(458,271),(459,271),(460,271),(461,271),(462,271),(463,272),(464,273),(465,274),(466,275),(467,275),(468,276),(469,277),(470,277),(471,278),(472,279),(473,279),(474,280),(475,280),(476,280),(477,280),(478,280),(479,281),(480,281),(481,281),(482,281),(483,281),(484,281),(485,281),(486,281),(487,281),(488,281),(489,281),(490,282),(491,283),(492,284),(493,284),(494,285),(495,286),(496,287),(497,288),(498,288),(499,289),(500,289),(501,289),(502,289),(503,289),(504,290),(505,291),(506,292),(507,292),(508,293),(509,293),(510,290),(511,294),(512,295),(513,295),(514,295),(515,295),(516,296),(517,296),(518,297),(519,298),(520,299),(520,300),(520,301),(521,302),(522,303),(523,304),(524,304),(525,304),(526,304),(527,304),(528,304),(528,305),(529,304),(529,305),(530,304),(531,304),(532,304),(533,304),(534,304),(535,304),(536,304),(537,304),(537,305),(538,306),(539,307),(540,308),(541,309),(542,309),(543,310),(544,310),(545,310),(546,311),(548,311),(549,384),(550,385),(551,386),(552,387),(553,388),(554,388),(555,388),(556,388),(557,388),(558,388),(559,388),(560,388),(561,388),(562,388),(563,388),(564,388),(565,388),(566,388),(567,388),(568,388),(569,388),(570,389),(571,346),(572,390),(573,391),(574,391),(575,391),(576,391),(577,391),(578,391),(579,391),(580,391),(581,391),(582,391),(583,391),(584,391),(585,392),(586,393),(587,394),(588,394),(589,395),(590,396),(591,397),(592,398),(593,399),(594,399),(595,399),(596,399),(597,400),(598,400),(599,401),(600,401),(601,402),(602,403),(603,403),(604,404),(605,404),(606,404),(607,404),(608,404),(609,404),(610,405),(611,406),(612,407),(613,408),(614,408),(615,408),(615,409),(616,410),(617,411),(618,412),(619,412),(620,412),(621,413),(621,414),(622,413),(623,416),(624,415),(625,417),(626,418),(627,418),(628,418),(629,418),(630,418),(631,418),(632,418),(633,418),(634,418),(635,419),(636,420),(637,420),(638,420),(639,420),(640,421),(641,422),(642,422),(643,422),(644,422),(645,423),(646,424);
/*!40000 ALTER TABLE `AuthorMap` ENABLE KEYS */;
UNLOCK TABLES;

--
-- Table structure for table `BindingType`
--

DROP TABLE IF EXISTS `BindingType`;
/*!40101 SET @saved_cs_client     = @@character_set_client */;
/*!40101 SET character_set_client = utf8 */;
CREATE TABLE `BindingType` (
  `bindingTypeID` bigint(20) NOT NULL AUTO_INCREMENT,
  `name` varchar(255) COLLATE utf8_swedish_ci NOT NULL,
  PRIMARY KEY (`bindingTypeID`),
  UNIQUE KEY `bindingTypeID_UNIQUE` (`bindingTypeID`)
) ENGINE=InnoDB AUTO_INCREMENT=7 DEFAULT CHARSET=utf8 COLLATE=utf8_swedish_ci;
/*!40101 SET character_set_client = @saved_cs_client */;

--
-- Dumping data for table `BindingType`
--

LOCK TABLES `BindingType` WRITE;
/*!40000 ALTER TABLE `BindingType` DISABLE KEYS */;
INSERT INTO `BindingType` VALUES (1,'Inbunden'),(2,'Pocket'),(3,'Halvfranskt band'),(4,'Helfranskt band'),(5,'Häftad'),(6,'Okänd');
/*!40000 ALTER TABLE `BindingType` ENABLE KEYS */;
UNLOCK TABLES;

--
-- Table structure for table `Book`
--

DROP TABLE IF EXISTS `Book`;
/*!40101 SET @saved_cs_client     = @@character_set_client */;
/*!40101 SET character_set_client = utf8 */;
CREATE TABLE `Book` (
  `bookID` bigint(20) NOT NULL AUTO_INCREMENT,
  `title` varchar(255) COLLATE utf8_swedish_ci NOT NULL,
  `originalTitle` varchar(255) COLLATE utf8_swedish_ci DEFAULT NULL,
  `edition` int(11) DEFAULT NULL,
  `isbn` varchar(15) CHARACTER SET utf8 DEFAULT NULL,
  `locationID` bigint(20) DEFAULT NULL,
  `ownerID` bigint(20) DEFAULT NULL,
  `languageID` bigint(20) DEFAULT NULL,
  `categoryID` bigint(20) DEFAULT NULL,
  `publisherID` bigint(20) NOT NULL DEFAULT '1',
  `statusID` bigint(20) NOT NULL DEFAULT '1',
  `bindingTypeID` bigint(20) NOT NULL DEFAULT '6',
  `published` date DEFAULT NULL,
  `originalPublished` date DEFAULT NULL,
  PRIMARY KEY (`bookID`),
  UNIQUE KEY `bookID_UNIQUE` (`bookID`)
) ENGINE=InnoDB AUTO_INCREMENT=647 DEFAULT CHARSET=utf8 COLLATE=utf8_swedish_ci;
/*!40101 SET character_set_client = @saved_cs_client */;

--
-- Dumping data for table `Book`
--

LOCK TABLES `Book` WRITE;
/*!40000 ALTER TABLE `Book` DISABLE KEYS */;
INSERT INTO `Book` VALUES (1,'Mobile Media and Applications - From Concept to Cash',NULL,NULL,'0470017473',2,1,2,1,1,1,6,NULL,NULL),(2,'Professional Active Server Pages 3.0','',NULL,'1861002610',3,1,2,1,1,1,6,NULL,NULL),(3,'ASP 3.0',NULL,NULL,'1861003234',3,1,2,1,1,1,6,NULL,NULL),(4,'Professional Linux Deployment',NULL,NULL,'1861002874',3,1,2,1,1,1,6,NULL,NULL),(5,'Professional PHP Programming',NULL,NULL,'1861002963',3,1,2,1,1,1,6,NULL,NULL),(6,'Programming the Micosoft Windows Driver Model',NULL,NULL,'0735605882',3,1,2,1,1,1,6,NULL,NULL),(7,'Inside Microsoft Windows 2000 Third Edition',NULL,3,'0735610215',3,1,2,1,1,1,6,NULL,NULL),(8,'Programming Windows with MFC Second Edition',NULL,2,'1572316950',3,1,2,1,1,1,6,NULL,NULL),(9,'Windows NT/2000 Native API Reference',NULL,NULL,'1578701996',3,1,2,1,1,1,6,NULL,NULL),(10,'Windows 2000 Server Secrets',NULL,NULL,'0764546201',3,1,2,1,1,1,6,NULL,NULL),(11,'Microsoft Visual Basic 6.0 Programmer\'s Guide',NULL,NULL,'1572318635',3,1,2,1,1,1,6,NULL,NULL),(12,'UNIX och X från Början',NULL,NULL,'9144342926',3,1,1,1,1,1,6,NULL,NULL),(13,'UNIX System Programming using C++',NULL,NULL,'0133315622',3,1,2,1,1,1,6,NULL,NULL),(14,'C++ Primer Third Edition',NULL,3,'0201824701',3,1,2,1,1,1,6,NULL,NULL),(15,'More Effective C++',NULL,NULL,'020163371X',3,1,2,1,1,1,6,NULL,NULL),(16,'C++ programmering 2:a upplagan',NULL,2,'9136304167',3,1,1,1,1,1,6,NULL,NULL),(17,'Exceptional C++',NULL,NULL,'0201615622',3,1,2,1,1,1,6,NULL,NULL),(18,'C++ programmering',NULL,NULL,'9163607301',3,1,1,1,1,1,6,NULL,NULL),(19,'Practical Algorithms for Programmers',NULL,NULL,'020163208X',3,1,2,1,1,1,6,NULL,NULL),(20,'The Art of Computer Programming Volume 1 Fundamental Algorithms Third Edition',NULL,3,'0201896834',2,1,2,1,1,1,6,NULL,NULL),(21,'The Art of Computer Programming Volume 2 Seminumerical Algorithms Third Edition',NULL,3,'0201896842',2,1,2,1,1,1,6,NULL,NULL),(22,'The Art of Computer Programming Volume 3 Sorting and Searching Second Edition',NULL,2,'0201896850',2,1,2,1,1,1,6,NULL,NULL),(23,'Data Communications for Engineers',NULL,NULL,'0201427885',2,1,2,1,1,1,6,NULL,NULL),(24,'Digital Communications',NULL,NULL,'0471629472',2,1,2,1,1,1,6,NULL,NULL),(25,'Nätverkssamhällets Framväxt Band I, Informationsåldern',NULL,NULL,'9171731148',2,1,1,1,1,1,6,NULL,NULL),(26,'4G LTE / LTE-Advanced for Mobile Broadband',NULL,NULL,'9780123854896',2,1,2,1,1,1,6,NULL,NULL),(27,'Praktisk datamodellering - ta greppet om begreppen',NULL,NULL,'9144380011',2,1,1,1,1,1,6,NULL,NULL),(28,'M68000 Family Programmer\'s Reference Manual',NULL,NULL,NULL,2,1,2,1,1,1,6,NULL,NULL),(29,'TI-85 Grafiska Räknare',NULL,NULL,NULL,2,1,1,1,1,1,6,NULL,NULL),(30,'TI-89',NULL,NULL,NULL,2,1,2,1,1,1,6,NULL,NULL),(31,'LAN och TCP/IP for Högskolan 2000',NULL,NULL,NULL,2,1,1,1,1,1,6,NULL,NULL),(32,'Javascript The Definitive Guide',NULL,3,'1565813928',2,1,2,1,1,1,6,NULL,NULL),(33,'Java Network Programming',NULL,2,'1565818709',2,1,2,1,1,1,6,NULL,NULL),(34,'Core Java Volume I - Fundamentals',NULL,NULL,'0137669577',2,1,2,1,1,1,6,NULL,NULL),(35,'Graphic Java Mastering the JFC',NULL,3,'0130796670',2,1,2,1,1,1,6,NULL,NULL),(36,'Thinking in Java',NULL,3,'0136597238',2,1,2,1,1,1,6,NULL,NULL),(37,'Thinking in Java',NULL,4,'9780131872486',2,1,2,1,1,1,6,NULL,NULL),(38,'Att lägga patiens',NULL,5,'9137030493',4,1,1,1,1,1,6,NULL,NULL),(39,'Kortoxen',NULL,NULL,'9137082663',4,1,1,1,1,1,6,NULL,NULL),(40,'Stora kortspelsboken',NULL,NULL,'9151814463',4,1,1,1,1,1,6,NULL,NULL),(41,'141 tändstickstrix','Streichholzspielereien',NULL,'9153407636',4,1,1,1,1,1,6,NULL,NULL),(42,'Frågelek 2',NULL,NULL,'9155219659',4,1,1,1,1,1,6,NULL,NULL),(43,'Frågelek',NULL,NULL,'9155218962',4,1,1,1,1,1,6,NULL,NULL),(44,'Karolinerna - Första delen',NULL,NULL,NULL,4,1,1,1,1,1,6,NULL,NULL),(45,'Den kryptiska boken',NULL,NULL,'9197057355',4,1,1,1,1,1,6,NULL,NULL),(46,'Speed Reading',NULL,NULL,NULL,4,1,2,1,1,1,6,NULL,NULL),(47,'Master Your Memory',NULL,NULL,NULL,4,1,2,1,1,1,6,NULL,NULL),(48,'Knock-Out Blackjack',NULL,NULL,'0929712315',4,1,2,1,1,1,6,NULL,NULL),(49,'Karl XII','Charles XII of Sweden',NULL,'9172681055',4,1,1,1,1,1,6,NULL,NULL),(50,'Historien om Sverige - Storhet och fall',NULL,NULL,'9119512821',4,1,1,1,1,1,6,NULL,NULL),(51,'Historien om Sverige - Från islossning till kungarike',NULL,NULL,'9119126425',4,1,1,1,1,1,6,NULL,NULL),(52,'Bonniers Lexikon - Band 2',NULL,NULL,'9163200384',4,1,1,1,1,1,6,NULL,NULL),(53,'Bonniers Lexikon - Band 1',NULL,NULL,'9163200376',4,1,1,1,1,1,6,NULL,NULL),(54,'Bonniers Lexikon - Band 5',NULL,NULL,'9163200414',4,1,1,1,1,1,6,NULL,NULL),(55,'Bonniers Lexikon - Band 4',NULL,NULL,'9163200406',4,1,1,1,1,1,6,NULL,NULL),(56,'Bonniers Lexikon - Band 3',NULL,NULL,'9163200392',4,1,1,1,1,1,6,NULL,NULL),(57,'Bonniers Lexikon - Band 8',NULL,NULL,'9163200449',4,1,1,1,1,1,6,NULL,NULL),(58,'Bonniers Lexikon - Band 7',NULL,NULL,'9163200430',4,1,1,1,1,1,6,NULL,NULL),(59,'Bonniers Lexikon - Band 6',NULL,NULL,'9163200422',4,1,1,1,1,1,6,NULL,NULL),(60,'Bonniers Lexikon - Band 11',NULL,NULL,'9163200473',4,1,1,1,1,1,6,NULL,NULL),(61,'Bonniers Lexikon - Band 10',NULL,NULL,'9163200465',4,1,1,1,1,1,6,NULL,NULL),(62,'Bonniers Lexikon - Band 9',NULL,NULL,'9163200457',4,1,1,1,1,1,6,NULL,NULL),(63,'Bonniers Lexikon - Band 14',NULL,NULL,'9163200511',4,1,1,1,1,1,6,NULL,NULL),(64,'Bonniers Lexikon - Band 13',NULL,NULL,'9163200503',4,1,1,1,1,1,6,NULL,NULL),(65,'Bonniers Lexikon - Band 12',NULL,NULL,'9163200481',4,1,1,1,1,1,6,NULL,NULL),(66,'Bonniers Lexikon - Band 17',NULL,NULL,'9163200554',4,1,1,1,1,1,6,NULL,NULL),(67,'Bonniers Lexikon - Band 16',NULL,NULL,'9163200546',4,1,1,1,1,1,6,NULL,NULL),(68,'Bonniers Lexikon - Band 15',NULL,NULL,'9163200538',4,1,1,1,1,1,6,NULL,NULL),(69,'Bonniers Lexikon - Band 20',NULL,NULL,'9163200589',4,1,1,1,1,1,6,NULL,NULL),(70,'Bonniers Lexikon - Band 19',NULL,NULL,'9163200570',4,1,1,1,1,1,6,NULL,NULL),(71,'Bonniers Lexikon - Band 18',NULL,NULL,'9163200562',4,1,1,1,1,1,6,NULL,NULL),(72,'Bonniers Lexikon - Band 24',NULL,NULL,'9163200627',4,1,1,1,1,1,6,NULL,NULL),(73,'Bonniers Lexikon - Band 23',NULL,NULL,'9163200619',4,1,1,1,1,1,6,NULL,NULL),(74,'Bonniers Lexikon - Band 22',NULL,NULL,'9163200600',4,1,1,1,1,1,6,NULL,NULL),(75,'Bonniers Lexikon - Band 21',NULL,NULL,'9163200597',4,1,1,1,1,1,6,NULL,NULL),(76,'JAS 39 Gripen',NULL,NULL,'9197389250',5,1,1,1,1,1,6,NULL,NULL),(77,'Philips\' World Atlas',NULL,NULL,NULL,5,1,2,1,1,1,6,NULL,NULL),(78,'The Power of the Mind',NULL,NULL,NULL,5,1,2,1,1,1,6,NULL,NULL),(79,'Vetenskapens Värld: Människan i framtiden','Future Earth',NULL,'9187012391',5,1,1,1,1,1,6,NULL,NULL),(80,'Illustrerad Vetenskaps Encyklopedi Vol 1: Världen idag - Canada och Arktis','Canada and the Arctic',NULL,'8742705185',5,1,1,1,1,1,6,NULL,NULL),(81,'The Ferengi Rules of Aquisition',NULL,NULL,'0671529366',5,1,2,1,1,1,6,NULL,NULL),(82,'The Klingon Way',NULL,NULL,'0671537555',5,1,2,1,1,1,6,NULL,NULL),(83,'The Klingon Dictionary',NULL,NULL,'067174559X',5,1,2,1,1,1,6,NULL,NULL),(84,'Star Trek: The Next Generation Technical Manual',NULL,NULL,'0671704273',5,1,2,1,1,1,6,NULL,NULL),(85,'Segelfartyg','The Sailing Ship',NULL,NULL,5,1,1,1,1,1,6,NULL,NULL),(86,'Örlogsboken',NULL,NULL,'9197067038',5,1,1,1,1,1,6,NULL,NULL),(87,'Luftens Dirigenter',NULL,NULL,'9197389269',5,1,1,1,1,1,6,NULL,NULL),(88,'Bonniers lilla uppslagsbok',NULL,4,'9134506640',5,1,1,1,1,1,6,NULL,NULL),(89,'Guinness Rekordbok 1996','Guinness Book of Records',NULL,'9137107232',5,1,1,1,1,1,6,NULL,NULL),(90,'Guinness Rekordbok 1995','Guinness Book of Records',NULL,'9137105450',5,1,1,1,1,1,6,NULL,NULL),(91,'BPA Måleri & Golv: Allsång',NULL,NULL,NULL,5,1,1,1,1,1,6,NULL,NULL),(92,'Sångbok Kalmar Nation Lund',NULL,5,NULL,5,1,1,1,1,1,6,NULL,NULL),(93,'Sångbok Lundakarneval 22-24 Maj 1998',NULL,NULL,NULL,5,1,1,1,1,1,6,NULL,NULL),(94,'Faust\'s lilla fula',NULL,NULL,NULL,5,1,1,1,1,1,6,NULL,NULL),(95,'Sångbok för Högskolan i Trollhättan-Uddevalla 1993',NULL,NULL,NULL,5,1,1,1,1,1,6,NULL,NULL),(96,'CNaSiga visor',NULL,1,NULL,5,1,1,1,1,1,6,NULL,NULL),(97,'Sångboken - Tredje upplagan',NULL,3,NULL,5,1,1,1,1,1,6,NULL,NULL),(98,'Wädur - Sångbock 2k2',NULL,NULL,NULL,5,1,1,1,1,1,6,NULL,NULL),(99,'Teknologens Sångatlas - Kristianstads Ingenjörer',NULL,NULL,NULL,5,1,1,1,1,1,6,NULL,NULL),(100,'Sånghäfte 01/02 INSATSCEKTN och Fest-N',NULL,NULL,NULL,5,1,1,1,1,1,6,NULL,NULL),(101,'Greve Löwenhielms Sångbok',NULL,2,NULL,5,1,1,1,1,1,6,NULL,NULL),(102,'Sjungbok - musica pro mille',NULL,NULL,NULL,5,1,1,1,1,1,6,NULL,NULL),(103,'Med mössan på sné',NULL,4,NULL,5,1,1,1,1,1,6,NULL,NULL),(104,'Med mössan på sné',NULL,2,NULL,5,1,1,1,1,1,6,NULL,NULL),(105,'Med mössan på sné',NULL,3,NULL,5,1,1,1,1,1,6,NULL,NULL),(106,'IHHJS Sångbok',NULL,NULL,NULL,5,1,1,1,1,1,6,NULL,NULL),(107,'Psångboken',NULL,1,NULL,5,1,1,1,1,1,6,NULL,NULL),(108,'ESS på FESSt Ht97',NULL,NULL,NULL,5,1,1,1,1,1,6,NULL,NULL),(109,'Rex Bibendi',NULL,1,NULL,5,1,1,1,1,1,6,NULL,NULL),(110,'Konglig Elektrosektionens Sångbok',NULL,NULL,NULL,5,1,1,1,1,1,6,NULL,NULL),(111,'Fredmans Sånger',NULL,NULL,'9151823721',5,1,1,1,1,1,6,NULL,NULL),(112,'Richard Wagner och kvinnorna',NULL,NULL,NULL,5,1,1,1,1,1,6,NULL,NULL),(113,'Johan Sebastian Bach',NULL,NULL,NULL,5,1,1,1,1,1,6,NULL,NULL),(114,'SNAPSVISOR med bästa kryddrecepten och köpesnapsen!',NULL,1,'9789185329861',5,1,1,1,1,1,6,NULL,NULL),(115,'Överstens Snapsvisor - i smakfull blandning',NULL,NULL,NULL,5,1,1,1,1,1,6,NULL,NULL),(116,'Liftarens guide till galaxen','The Hitchhiker\'s Guide to the Galaxy',NULL,'9134516573',8,1,1,2,1,1,6,NULL,NULL),(117,'Fula visboken',NULL,NULL,'9155031056',5,1,1,1,1,1,6,NULL,NULL),(118,'Bonniers Rocklexikon',NULL,NULL,'9134512233',5,1,1,1,1,1,6,NULL,NULL),(119,'The Hitchhiker\'s Guide to the Galaxy',NULL,NULL,'0517149257',8,1,2,2,1,1,6,NULL,NULL),(120,'The Paul Simon Complete',NULL,NULL,'0860017532',5,1,2,1,1,1,6,NULL,NULL),(121,'Musikens Värld',NULL,1956,NULL,5,1,1,1,1,1,6,NULL,NULL),(122,'Rock dag för dag','Rock Day-By-Day',NULL,'9137094807',5,1,1,1,1,1,6,NULL,NULL),(123,'Clans & Tartans',NULL,NULL,'9780007178551',6,1,2,1,1,1,6,NULL,NULL),(124,'Great Beer Guide',NULL,NULL,'9780789451569',6,1,2,1,1,1,6,NULL,NULL),(125,'The Whisky Disitlleries of the United Kingdom',NULL,2008,'9781841586526',6,1,2,1,1,1,6,NULL,NULL),(126,'Whisky från hela världen',NULL,NULL,'9781407541815',6,1,1,1,1,1,6,NULL,NULL),(127,'Dryck i litet tryck - Maltwhisky','A Little Book of Malt Whiskies',NULL,'913232331X',6,1,1,1,1,1,6,NULL,NULL),(128,'Jim Murray\'s Whisky Bible 2010',NULL,7,'9780955472947',6,1,2,1,1,1,6,NULL,NULL),(129,'Jim Murray\'s Whisky Bible 2009',NULL,6,'9780955472930',6,1,2,1,1,1,6,NULL,NULL),(130,'Jim Murray\'s Whiskey Bible 2008',NULL,5,'9780955472916',6,1,2,1,1,1,6,NULL,NULL),(131,'Jim Murray\'s Whisky Bible 2007',NULL,4,'9780955472909',6,1,2,1,1,1,6,NULL,NULL),(132,'Jim Murray\'s Whisky Bible 2006',NULL,3,'1844425509',6,1,2,1,1,1,6,NULL,NULL),(133,'Jim Myrray\'s Whisky Bible 2016',NULL,13,'9780993298608',6,1,2,1,1,1,6,NULL,NULL),(134,'Jim Murray\'s Whisky Bible 2015',NULL,12,'9780955472992',6,1,2,1,1,1,6,NULL,NULL),(135,'Jim Murray\'s Whisky Bible 2013',NULL,10,'9780955472978',6,1,2,1,1,1,6,NULL,NULL),(136,'Jim Murray\'s Whisky Bible 2012','',9,'9780955472961',6,1,2,1,1,1,6,NULL,NULL),(137,'Jim Murray\'s Whisky Bible 2011',NULL,8,'9780955472954',6,1,2,1,1,1,6,NULL,NULL),(138,'Dryckjom',NULL,NULL,NULL,6,1,1,1,1,1,6,NULL,NULL),(139,'Största Cocktailboken',NULL,4,'9158214615',6,1,1,1,1,1,6,NULL,NULL),(140,'Drinkar för fest och vardag',NULL,NULL,NULL,6,1,1,1,1,1,6,NULL,NULL),(141,'Kallsupar & tilltugg',NULL,NULL,'9789153429791',6,1,1,1,1,1,6,NULL,NULL),(142,'Cocktailboken',NULL,NULL,NULL,6,1,1,1,1,1,6,NULL,NULL),(143,'Guinness - An Official Ceebration of 250 Remarkable Years',NULL,NULL,'9780600619888',6,1,2,1,1,1,6,NULL,NULL),(144,'Öl från hela världen',NULL,NULL,'9781405463492',6,1,1,1,1,1,6,NULL,NULL),(145,'Kort om vin',NULL,NULL,NULL,6,1,1,1,1,1,6,NULL,NULL),(146,'Classic Bourbon, Tennessee & Rye Whiskey',NULL,NULL,'3775003290',6,1,3,1,1,1,6,NULL,NULL),(147,'Röde Orm - Hemma och i österled',NULL,NULL,NULL,6,1,1,2,1,1,6,NULL,NULL),(148,'Röde Orm - Sjöfarare i västerled',NULL,NULL,NULL,6,1,1,2,1,1,6,NULL,NULL),(149,'Dikter / Folk som sjöng',NULL,NULL,NULL,6,1,1,2,1,1,6,NULL,NULL),(150,'De långhåriga Merovingerna / Sällskap för en eremit',NULL,NULL,NULL,6,1,1,2,1,1,6,NULL,NULL),(151,'Litteratörer och militärer / Den lustgård som jag minns',NULL,NULL,NULL,6,1,1,2,1,1,6,NULL,NULL),(152,'Silversköldarna / För nöjes skull',NULL,NULL,NULL,6,1,1,2,1,1,6,NULL,NULL),(153,'Karl XII:s levnad 2',NULL,NULL,NULL,6,1,1,2,1,1,6,NULL,NULL),(154,'Karl XII:s levnad 1',NULL,NULL,NULL,6,1,1,2,1,1,6,NULL,NULL),(155,'Gustav V och hans tid 1907-1918',NULL,5,NULL,6,1,1,1,1,1,6,NULL,NULL),(156,'Gustav V och hans tid 1919-1927',NULL,NULL,NULL,6,1,1,1,1,1,6,NULL,NULL),(157,'Gustav V och hans tid 1928-1938',NULL,NULL,NULL,6,1,1,1,1,1,6,NULL,NULL),(158,'Gustav V och hans tid 1938-1947',NULL,NULL,NULL,6,1,1,1,1,1,6,NULL,NULL),(159,'Världens bästa lyrik',NULL,NULL,'9127026094',7,2,1,2,1,1,6,NULL,NULL),(160,'Hemlös - med egna ord',NULL,NULL,'9789185625710',7,2,1,2,1,1,6,NULL,NULL),(161,'Tusen och en natt',NULL,NULL,'9176422490',7,2,1,2,1,1,6,NULL,NULL),(162,'The Beef O\'Keefe\'s Guide to Irish Drinking Games',NULL,NULL,'9780615401539',7,1,2,1,1,1,6,NULL,NULL),(163,'När jag vaknade och dog',NULL,NULL,'9100473669',7,2,1,2,1,1,6,NULL,NULL),(164,'Perversioner',NULL,NULL,'9185000051',7,2,1,2,1,1,6,NULL,NULL),(165,'Bra sagt under tretusen år',NULL,NULL,'9174487140',7,2,1,2,1,1,6,NULL,NULL),(166,'Världens elakaste citat',NULL,NULL,'9185267848',7,2,1,2,1,1,6,NULL,NULL),(167,'Humor - det handlar om kärlek',NULL,NULL,NULL,7,1,1,2,1,1,6,NULL,NULL),(168,'The Complete Book of Insults',NULL,NULL,NULL,7,1,2,2,1,1,6,NULL,NULL),(169,'103 Norgehistorier',NULL,NULL,NULL,7,1,1,2,1,1,6,NULL,NULL),(170,'999 roliga historier',NULL,NULL,'9153403010',7,1,1,2,1,1,6,NULL,NULL),(171,'Alla gör det',NULL,NULL,'9132426976',7,1,1,2,1,1,6,NULL,NULL),(172,'Sinnenas Naturlära','A Natural History of the Senses',NULL,'9176428788',8,1,1,2,1,1,6,NULL,NULL),(173,'The Long Dark Teatime of the Soul',NULL,NULL,'0330309552',8,1,2,2,1,1,6,NULL,NULL),(174,'Dirk Gently\'s Holistic Detective Agency',NULL,NULL,'0330301624',8,1,2,2,1,1,6,NULL,NULL),(175,'Den långa flykten','Watership Down',NULL,'9100402524',8,2,1,2,1,1,6,NULL,NULL),(176,'Shardik',NULL,NULL,'9100412066',8,2,1,2,1,1,6,NULL,NULL),(177,'En halv gul sol','Half of a Yellow Sun',NULL,'9789100118679',8,2,1,2,1,1,6,NULL,NULL),(178,'Nonstop',NULL,NULL,'9172280301',8,2,1,2,1,1,6,NULL,NULL),(179,'Svinalängorna',NULL,NULL,'9789100114008',8,2,1,2,1,1,6,NULL,NULL),(180,'Oktober i fattigsverige',NULL,NULL,'9789100130107',8,2,1,2,1,1,6,NULL,NULL),(181,'En något större bok',NULL,NULL,'9146150420',8,2,1,2,1,1,6,NULL,NULL),(182,'Tiden är ingenting',NULL,NULL,'9176431347',8,2,1,2,1,1,6,NULL,NULL),(183,'Judiths teater',NULL,NULL,'9176425886',8,2,1,2,1,1,6,NULL,NULL),(184,'Den gudomliga komedin - Skärselden',NULL,NULL,'9137050559',8,1,1,2,1,1,6,NULL,NULL),(185,'Drömma i färg','Dreaming in Color',NULL,'9171196137',8,2,1,2,1,1,6,NULL,NULL),(186,'Flickan som vävde sidenmattor',NULL,NULL,'9789170016639',8,2,1,2,1,1,6,NULL,NULL),(187,'Röster i vinden','Voices on the wind',NULL,'9100469955',8,2,1,2,1,1,6,NULL,NULL),(188,'As the Crow Flies',NULL,NULL,'0060179147',8,2,2,2,1,1,6,NULL,NULL),(189,'Dömd till fängelse','A Prisoner of Birth',NULL,'9789173514712',8,2,1,2,1,1,6,NULL,NULL),(190,'Biten','Bitten',NULL,'9177112563',8,2,1,2,1,1,6,NULL,NULL),(191,'Märkt','Stolen',NULL,'9171304436',8,2,1,2,1,1,6,NULL,NULL),(192,'The Line of Polity',NULL,NULL,'0330484354',8,NULL,2,2,1,1,6,NULL,NULL),(193,'Hotet','Victims',NULL,'913503906X',9,2,1,2,1,1,6,NULL,NULL),(194,'The Complete Robot',NULL,NULL,'9780586057247',9,1,2,2,1,1,6,NULL,NULL),(195,'Den nakna solen','The Naked Sun',NULL,'9172282525',9,2,1,2,1,1,6,NULL,NULL),(196,'The Caves of Steel',NULL,NULL,'9780586008355',9,1,2,2,1,1,6,NULL,NULL),(197,'The Naked Sun',NULL,NULL,'9780586010167',9,1,2,2,1,1,6,NULL,NULL),(198,'The Robots of Dawn',NULL,NULL,'9780586061992',9,1,2,2,1,1,6,NULL,NULL),(199,'Robots and Empire',NULL,NULL,'9780586062005',9,1,2,2,1,1,6,NULL,NULL),(200,'The Stars, Like Dust',NULL,NULL,'9780765319159',9,1,2,2,1,1,6,NULL,NULL),(201,'The Currents of Space',NULL,NULL,'9780765319173',9,1,2,2,1,1,6,NULL,NULL),(202,'Pebble in the Sky',NULL,NULL,'9780765319135',9,1,2,2,1,1,6,NULL,NULL),(203,'The End of Eternity',NULL,NULL,'9780765319197',9,1,2,2,1,1,6,NULL,NULL),(204,'Nemesis',NULL,NULL,'9127034216',9,NULL,1,2,1,1,6,NULL,NULL),(205,'Prelude to Foundation',NULL,NULL,'0553278398',9,1,2,2,1,1,6,NULL,NULL),(206,'Forward the Foundation',NULL,NULL,'0553565079',9,1,2,2,1,1,6,NULL,NULL),(207,'Foundation',NULL,NULL,'0553293354',9,1,2,2,1,1,6,NULL,NULL),(208,'Foundation and Empire',NULL,NULL,'0553293370',9,1,2,2,1,1,6,NULL,NULL),(209,'Second Foundation',NULL,NULL,'0553293362',9,1,2,2,1,1,6,NULL,NULL),(210,'Foundation\'s Edge',NULL,NULL,'0553293389',9,1,2,2,1,1,6,NULL,NULL),(211,'Foundation and Earth',NULL,NULL,'0553587579',9,1,2,2,1,1,6,NULL,NULL),(212,'Maps for Lost Lovers',NULL,NULL,'0571221831',9,2,2,2,1,1,6,NULL,NULL),(213,'En man som heter Ove',NULL,NULL,'9789175031743',9,2,1,2,1,1,6,NULL,NULL),(214,'Min mormor hälsar och säger förlåt',NULL,NULL,'9789137142555',9,2,1,2,1,1,6,NULL,NULL),(215,'High Citadel',NULL,NULL,NULL,9,2,2,2,1,1,6,NULL,NULL),(216,'Kalla dig vad fan du vill',NULL,NULL,'9170371997',9,2,1,2,1,1,6,NULL,NULL),(217,'Simple Genius',NULL,NULL,'9780446999469',9,2,2,2,1,1,6,NULL,NULL),(218,'The Collectors',NULL,NULL,'9780330444088',9,2,2,2,1,1,6,NULL,NULL),(219,'Against a Dark Background',NULL,NULL,'1857231791',9,2,2,2,1,1,6,NULL,NULL),(220,'Sticka mjuka djur, häxor, tomtar och dockor','Easy to Make, New Knitted Toys',NULL,'9137107208',11,2,1,1,1,1,6,NULL,NULL),(221,'Nyckeln till framgång i alla IQ-tester',NULL,NULL,NULL,7,1,1,1,1,1,6,NULL,NULL),(222,'Skägg','',NULL,'9789187397172',7,1,1,1,1,1,6,NULL,NULL),(223,'The Mammoth Book of Dirty, Sick, X-rated & Politically Incorrect Jokes',NULL,NULL,'1841199672',7,1,2,2,1,1,6,NULL,NULL),(224,'Knop & stek','The Alternative Knot Book',NULL,'9153414268',7,1,1,1,1,1,6,NULL,NULL),(225,'100 Best Bars',NULL,NULL,'095421885X',7,1,2,1,1,1,6,NULL,NULL),(226,'The Star Trek the Next Generation Companion',NULL,NULL,'0671883402',12,1,2,1,1,1,6,NULL,NULL),(227,'Standard Catalog of Smith & Wesson',NULL,3,'9780896892934',10,1,2,1,1,1,6,NULL,NULL),(228,'Sportskytte med Pistol och Revolver','Sportliches Schiessen mit Faustfeuerwaffen',NULL,NULL,10,1,1,1,1,1,6,NULL,NULL),(229,'Wiederladen von H&N High-Speed Geschossen für Profis und Einsteiger',NULL,3,'9783000392740',10,1,3,1,1,1,6,NULL,NULL),(230,'Stora Vapenguiden',NULL,2017,NULL,10,1,1,1,1,1,6,NULL,NULL),(231,'Mjuka djur av fleece','Fleece Pets',NULL,'9789172331686',11,2,1,1,1,1,6,NULL,NULL),(232,'Vapen genom tiderna','The Lore of Arms',NULL,'917442016X',13,1,1,1,1,1,6,NULL,NULL),(233,'Standard Catalog of Colt Firearms',NULL,2,'9781440237478',13,1,2,1,1,1,6,NULL,NULL),(234,'Standard Catalog of Ruger Firearms',NULL,NULL,'9781440240607',13,1,2,1,1,1,6,NULL,NULL),(235,'GunDigest Book of REVOLVERS Assembly/Disassembly',NULL,NULL,'9781440214523',13,1,2,1,1,1,6,NULL,NULL),(236,'Ed McGivern\'s Book of Fast and Fancy Revolver Shooting',NULL,NULL,'9781602390867',13,1,2,1,1,1,6,NULL,NULL),(237,'Blue Book of Gun Values',NULL,27,'9781936120758',13,1,2,1,1,1,6,NULL,NULL),(238,'Blue Book of Gun Values',NULL,24,'9781936120314',7,1,2,1,1,1,6,NULL,NULL),(239,'Matter',NULL,NULL,'9781841494180',14,2,2,2,1,1,6,NULL,NULL),(240,'Havet','The Sea',NULL,'9789185251773',14,2,1,2,1,1,6,NULL,NULL),(241,'Igelkottens elegans','L\'élégance du hérisson',NULL,'9789197600378',14,2,1,2,1,1,6,NULL,NULL),(242,'Alvernas liv','La vie des elfes',NULL,'9789187648434',14,2,1,2,1,1,6,NULL,NULL),(243,'Utan ett ord','No time for goodbye',NULL,'9789186369156',14,2,1,2,1,1,6,NULL,NULL),(244,'Mörk Jord',NULL,NULL,'9789186629519',14,2,1,2,1,1,6,NULL,NULL),(245,'Stalingrad','Stalingrad',NULL,'918944423',14,1,1,2,1,1,6,NULL,NULL),(246,'Den förfördas hemlighet','El pergamino de la seducción',NULL,'9789113014382',14,2,1,2,1,1,6,NULL,NULL),(247,'Djupet','The Deep',NULL,'9100432776',14,2,1,2,1,1,6,NULL,NULL),(248,'Hajen','Jaws',NULL,'9100401005',14,2,1,2,1,1,6,NULL,NULL),(249,'Pengar',NULL,NULL,'9127043533',14,2,1,2,1,1,6,NULL,NULL),(250,'Röde Orm',NULL,NULL,'9117917026',14,1,1,2,1,1,6,NULL,NULL),(251,'Den nya människan',NULL,NULL,'9789187049569',14,2,1,2,1,1,6,NULL,NULL),(252,'Flickor som skimrar','The Shining Girls',NULL,'9789113055640',14,2,1,2,1,1,6,NULL,NULL),(253,'Landet utanför',NULL,NULL,'9170295239',14,2,1,2,1,1,6,NULL,NULL),(254,'Xenophobe\'s guide to the Swedes',NULL,NULL,'9781906042493',14,1,2,2,1,1,6,NULL,NULL),(255,'Sireners sång',NULL,NULL,'9146180214',14,2,1,2,1,1,6,NULL,NULL),(256,'Rymdstaden','A Life for the Stars',NULL,'9172280786',14,2,1,2,1,1,6,NULL,NULL),(257,'Samlade dikter',NULL,NULL,'9100105414',14,2,1,2,1,1,6,NULL,NULL),(258,'Den fullkomlige äkta mannen','Den fulkomne aegtemand',NULL,NULL,14,1,1,2,1,1,6,NULL,NULL),(259,'Allahs döttrar','Níne parts of Desire',NULL,'9177096045',14,2,1,2,1,1,6,NULL,NULL),(260,'The Zombie Survival Guide',NULL,NULL,'9781400049622',14,2,2,2,1,1,6,NULL,NULL),(261,'World War Z',NULL,NULL,'9780307888686',14,2,2,2,1,1,6,NULL,NULL),(262,'I cirkelns mitt','Deception Point',NULL,'9789100111892',14,2,1,2,1,1,6,NULL,NULL),(263,'Ubåt','Das Boot',NULL,'9137087711',14,1,1,2,1,1,6,NULL,NULL),(264,'Det är nåt som inte stämmer','Running with Scissors',NULL,'9789170022401',14,2,1,2,1,1,6,NULL,NULL),(265,'Tokyo Hostess',NULL,NULL,'9781847442079',14,2,2,2,1,1,6,NULL,NULL),(266,'The Black Magician Trilogy Book 3: The High Lord',NULL,NULL,'9781841493152',14,2,2,2,1,1,6,NULL,NULL),(268,'The Black Magician Trilogy Book 2: The Novice',NULL,NULL,'9781841493145',18,2,2,2,1,1,6,NULL,NULL),(269,'The Black Magician Trilogy Book 1: The Magicians\' Guild',NULL,NULL,'9781841493138',18,2,2,2,1,1,6,NULL,NULL),(270,'The Traitor Spy Trilogy 3: The Traitor Queen',NULL,NULL,'9781841495965',18,2,2,2,1,1,6,NULL,NULL),(271,'The Traitor Spy Trilogy 2: The Rogue',NULL,NULL,'9781841495941',18,2,2,2,1,1,6,NULL,NULL),(272,'The Traitor Spy Trilogy 1: The Ambassador\'s Mission',NULL,NULL,'9781841495927',18,2,2,2,1,1,6,NULL,NULL),(273,'Age of the Five 2: Last of the Wilds',NULL,NULL,'9784841495163',18,2,2,2,1,1,6,NULL,NULL),(274,'Age of the Five 3: Voice of the Gods',NULL,NULL,'9781841495170',18,2,2,2,1,1,6,NULL,NULL),(275,'Millennium\'s Rule 2: Angel of Storms',NULL,NULL,'9780356501154',18,2,2,2,1,1,6,NULL,NULL),(276,'Den trägne odlaren','The Constant Gardener',NULL,'9100579432',18,2,1,2,1,1,6,NULL,NULL),(277,'Fire',NULL,NULL,'9780575085138',18,2,2,2,1,1,6,NULL,NULL),(278,'Graceling',NULL,NULL,'9780575085305',18,2,2,2,1,1,6,NULL,NULL),(279,'Bitterblue',NULL,NULL,'9780575097186',18,2,2,2,1,1,6,NULL,NULL),(280,'Flicka med pärlörhänge','Girl with a Pearl Earring',NULL,'9132327277',18,2,1,2,1,1,6,NULL,NULL),(281,'Hetta','Echo Burning',NULL,'9789186587017',18,2,1,2,1,1,6,NULL,NULL),(282,'Besökaren','The Visitor',NULL,'9132330642',18,2,1,2,1,1,6,NULL,NULL),(283,'En flicka kom till Bagdad','They Came to Baghdad',NULL,'9100410365',18,2,1,2,1,1,6,NULL,NULL),(284,'Mrs McGinty är död','Mrs McGinty\'s dead',NULL,NULL,18,2,1,2,1,1,6,NULL,NULL),(285,'Mysteriet på Blå tåget','The Mystery of the Blue Train',NULL,'9100551651',18,2,1,2,1,1,6,NULL,NULL),(286,'The Pale Horse',NULL,NULL,'0671474227',18,2,2,2,1,1,6,NULL,NULL),(287,'2010: andra rymdodyssén','2010: Odyssey Two',NULL,'9151816458',18,2,1,2,1,1,6,NULL,NULL),(288,'The Fountains of Paradise',NULL,NULL,'9781857987218',18,1,2,2,1,1,6,NULL,NULL),(289,'2010: Odyssey Two',NULL,NULL,'9780586056998',18,1,2,2,1,1,6,NULL,NULL),(290,'2061: Odyssey Three',NULL,NULL,'9780586203194',18,1,2,2,1,1,6,NULL,NULL),(291,'3001: The Final Odyssey',NULL,NULL,'9780586066249',18,1,2,2,1,1,6,NULL,NULL),(292,'2001: A Space Odyssey',NULL,NULL,'9781857236644',18,1,2,2,1,1,6,NULL,NULL),(293,'The Collected Stories',NULL,NULL,'9781857983234',18,1,2,2,1,1,6,NULL,NULL),(294,'The Sentinel',NULL,NULL,'0586212043',19,1,2,2,1,1,6,NULL,NULL),(295,'Rama: The Omnibus',NULL,NULL,'9780575096868',19,1,2,2,1,1,6,NULL,NULL),(296,'Nattens onda öga','A Stranger is Watching',NULL,'9132310471',19,2,1,2,1,1,6,NULL,NULL),(297,'Grå själar','Les âmes grises',NULL,'9113013551',19,2,1,2,1,1,6,NULL,NULL),(298,'Shogun','Shogun',NULL,'9119323816',19,1,1,2,1,1,6,NULL,NULL),(299,'Rött stoft','Red bones',NULL,'9789174290707',19,2,1,2,1,1,6,NULL,NULL),(300,'Borta för alltid',NULL,NULL,'9170011680',19,2,1,2,1,1,6,NULL,NULL),(301,'Släpp inte taget','Hold Tight',NULL,'9789170017490',19,2,1,2,1,1,6,NULL,NULL),(302,'Veronika bestämmer sig för att dö','Veronica decide morrer',NULL,'9170280061',19,2,1,2,1,1,6,NULL,NULL),(303,'Poeten','The Poet',NULL,'9176437701',19,2,1,2,1,1,6,NULL,NULL),(304,'I lagens limo','The Lincoln Lawyer',NULL,'9789113015880',19,2,1,2,1,1,6,NULL,NULL),(305,'Det femte vittnet','The Fifth Witness',NULL,'9789113049366',19,2,1,2,1,1,6,NULL,NULL),(306,'Appassionata','Appassionata',NULL,'9132434278',19,2,1,2,1,1,6,NULL,NULL),(307,'Flyg fula fluga','Blow Fly',NULL,'9113016970',19,2,1,2,1,1,6,NULL,NULL),(308,'Rovdjuret','Predator',NULL,'9789172639119',19,2,1,2,1,1,6,NULL,NULL),(309,'De dödas bok','Book of the Dead',NULL,'9789113025643',19,2,1,2,1,1,6,NULL,NULL),(310,'Kroppsspråk','The Body Farm',NULL,'9172630256',19,2,1,2,1,1,6,NULL,NULL),(311,'Mörkrets Makt','Black Notice',NULL,'9113008293',19,2,1,2,1,1,6,NULL,NULL),(312,'Dunkla vatten','Cause of Death',NULL,'9172630108',19,2,1,2,1,1,6,NULL,NULL),(313,'Microserfs',NULL,NULL,'0006485898',19,2,2,2,1,1,6,NULL,NULL),(314,'JPod',NULL,NULL,'9780747589150',19,2,2,2,1,1,6,NULL,NULL),(315,'I dödens skugga','Secret Sins',NULL,'9164020673',19,2,1,2,1,1,6,NULL,NULL),(316,'Rovdjur','Prey',NULL,'9171301585',19,2,1,2,1,1,6,NULL,NULL),(317,'Jurassic Park - Urtidsparken','Jurassic Park',NULL,'9171195734',19,2,1,2,1,1,6,NULL,NULL),(318,'Accidental Empires',NULL,NULL,'0887308554',19,1,2,2,1,1,6,NULL,NULL),(319,'Flickan från ingenstans','The Passage',NULL,'9789113045474',20,2,1,2,1,1,6,NULL,NULL),(320,'De första tolv','The Twelve',NULL,'9789113047379',20,2,1,2,1,1,6,NULL,NULL),(321,'Saffransköket','The Saffron Kitchen',NULL,'9151845954',20,2,1,2,1,1,6,NULL,NULL),(322,'Märkliga dagar','Specimen Days',NULL,'9789100108878',20,2,1,2,1,1,6,NULL,NULL),(323,'Vilseförd','Scarecrow',NULL,'9135042613',20,2,1,2,1,1,6,NULL,NULL),(324,'Skammens boning',NULL,NULL,'9789170373565',20,2,1,2,1,1,6,NULL,NULL),(325,'Sagor för barn över 18 år',NULL,NULL,'9146133674',20,1,1,2,1,1,6,NULL,NULL),(326,'After Earth',NULL,NULL,'9780091952907',20,2,1,2,1,1,6,NULL,NULL),(327,'Närkontakt: Rymdhaven',NULL,NULL,'9129545927',20,2,1,2,1,1,6,NULL,NULL),(328,'De upproriska änglarna','The Rebel Angels',NULL,'9146159517',20,2,1,2,1,1,6,NULL,NULL),(329,'The GOD Dilusion',NULL,NULL,'9780618680009',20,1,2,2,1,1,6,NULL,NULL),(330,'An Appetite for Wonder',NULL,NULL,'9780552779050',20,1,2,2,1,1,6,NULL,NULL),(331,'Haren med bärnstensögon','The hare with amber eyes',NULL,'9789174293265',20,2,1,2,1,1,6,NULL,NULL),(332,'Blunddockan','The Sleeping Doll',NULL,'9789170017094',20,2,1,2,1,1,6,NULL,NULL),(333,'Det trasiga fönstret','The Broken Window',NULL,'9789170018305',20,2,1,2,1,1,6,NULL,NULL),(334,'Dagarna med farmor','La grand-mère de Jade',NULL,'9789174611380',20,2,1,2,1,1,6,NULL,NULL),(335,'En kvinna','Une femme',NULL,'9176425894',20,2,1,2,1,1,6,NULL,NULL),(336,'Babes i Beijing','Foreign Babes in Beijing',NULL,'9789172638105',20,2,1,2,1,1,6,NULL,NULL),(337,'The Man in the High Castle',NULL,NULL,'9780544916081',20,1,2,2,1,1,6,NULL,NULL),(338,'Do Androids Dream of Electric Sheep?',NULL,NULL,'0586036059',20,1,2,2,1,1,6,NULL,NULL),(339,'David Copperfield','The Personal History and Experience of David Copperfield the Younger',NULL,'9176422119',20,2,1,2,1,1,6,NULL,NULL),(340,'Pickwickklubbens efterlämnade papper',NULL,NULL,NULL,20,1,1,2,1,1,6,NULL,NULL),(341,'Oliver Twist','The Adventures of Oliver Twist',NULL,'917102977X',20,2,1,2,1,1,6,NULL,NULL),(342,'På tunn is - En resa till Antarktis','Skating to Antarctica',NULL,'9150103482',20,2,1,2,1,1,6,NULL,NULL),(343,'En mot hundra','No Angel: My Harrowing Undercover Journey',NULL,'9789186369415',20,2,1,2,1,1,6,NULL,NULL),(344,'Den sista sommaren',NULL,NULL,'9146157867',20,2,1,2,1,1,6,NULL,NULL),(345,'Bröderna Karamazov','Bratja Karamazovy',NULL,'9146172289',20,2,1,2,1,1,6,NULL,NULL),(346,'Idioten - Band I','Idiot',NULL,NULL,21,2,1,2,1,1,6,NULL,NULL),(347,'Svaghetsmyten. Kvinnor på väg mot fysisk jämlikhet','The Frailty Myth. Women approaching physical equality',NULL,'9127084159',21,2,1,2,1,1,6,NULL,NULL),(348,'En försvunnen värld','A Lost World',NULL,NULL,21,1,1,2,1,1,6,NULL,NULL),(349,'The Complete Sherlock Holmes',NULL,NULL,'0385006896',21,1,2,2,1,1,6,NULL,NULL),(350,'Den sista konkubinen','The Last Concubine',NULL,'9789171307613',21,2,1,2,1,1,6,NULL,NULL),(351,'Rogues',NULL,NULL,'9781783297214',21,2,2,2,1,1,6,NULL,NULL),(352,'Regnbågens tid',NULL,NULL,'9171334653',21,2,1,2,1,1,6,NULL,NULL),(353,'Heroine',NULL,NULL,'9171335862',21,2,1,2,1,1,6,NULL,NULL),(354,'Daddy',NULL,NULL,'9146164510',21,2,1,2,1,1,6,NULL,NULL),(355,'Normalt?',NULL,NULL,'9789186675486',21,1,1,2,1,1,6,NULL,NULL),(356,'I trygghetsnarkomanernas land',NULL,NULL,'9789172320826',21,1,1,2,1,1,6,NULL,NULL),(357,'Ingen tar skit i de lättkränktas land',NULL,NULL,'9789172321847',21,1,1,2,1,1,6,NULL,NULL),(358,'Hur barnen tog makten',NULL,NULL,'9789187371080',21,1,1,2,1,1,6,NULL,NULL),(359,'Ers Majestäts olycklige Kurt',NULL,NULL,'9789164202710',21,2,1,2,1,1,6,NULL,NULL),(360,'Rosens namn','Il nome della rosa',NULL,'9176084299',21,2,1,2,1,1,6,NULL,NULL),(361,'Begravningsplatsen i Prag','Il Cimitero di Praga',NULL,'9789186953171',21,2,1,2,1,1,6,NULL,NULL),(362,'Reginas sång','Regina\'s Song',NULL,'9132329288',21,2,1,2,1,1,6,NULL,NULL),(363,'Tjuven Althalus 1: De utvalda','The Redemption of Anthalus',NULL,'9132325789',21,2,1,2,1,1,6,NULL,NULL),(364,'Tjuven Althalus 2: Knivens sång','The Redemption of Althalus',NULL,'913232698X',21,2,1,2,1,1,6,NULL,NULL),(365,'Pytten är serverad - Småskuret och hårdfräst',NULL,NULL,'9158205977',21,1,1,2,1,1,6,NULL,NULL),(366,'American Psycho','American Psycho',NULL,'9119122624',21,1,1,2,1,1,6,NULL,NULL),(367,'Fru Patronessan',NULL,NULL,NULL,21,1,1,2,1,1,6,NULL,NULL),(368,'Den oövervinnerlige',NULL,NULL,'917486999X',21,2,1,2,1,1,6,NULL,NULL),(369,'Nattens landskap. Hur och varför vi drömmer','Landscapes of the Night. How and Why We Dream',NULL,'9137089641',21,1,1,1,1,1,6,NULL,NULL),(370,'Mannen som kunde tala med hästar','The Horse Whisperer',NULL,'9176432866',21,2,1,2,1,1,6,NULL,NULL),(371,'Citruslunden',NULL,NULL,'9170010099',21,2,1,2,1,1,6,NULL,NULL),(372,'Barfotadrottningen','La reina descalza',NULL,'9789170283789',22,2,1,2,1,1,6,NULL,NULL),(373,'Cathedral of the Sea',NULL,NULL,'9780552775564',22,2,2,2,1,1,6,NULL,NULL),(374,'The Wolfblade Trilogy 2: Not Every Battle is Fought on the Field',NULL,NULL,'9781841496535',22,2,2,2,1,1,6,NULL,NULL),(375,'The Wolfblade Trilogy 3: Not Every Leader Rules Through Fear',NULL,NULL,'9781841496542',22,2,2,2,1,1,6,NULL,NULL),(376,'The Wolfblade Trilogy 1: Not Every Weapon is Made of Steel',NULL,NULL,'9781841496528',22,2,2,2,1,1,6,NULL,NULL),(377,'Ferry Tales',NULL,NULL,'9789137144108',22,1,1,2,1,1,6,NULL,NULL),(378,'Hotet från en okänd','Don\'t Cry Now',NULL,'9100564540',22,2,1,2,1,1,6,NULL,NULL),(379,'Flight of the Night Hawks',NULL,NULL,'0007133766',22,2,2,2,1,1,6,NULL,NULL),(380,'Låtsasleken','The First Time',NULL,'9100577510',22,2,1,2,1,1,6,NULL,NULL),(381,'Samvetets röst','Cause Celeb',NULL,'9177117611',22,2,1,2,1,1,6,NULL,NULL),(382,'Den Store Gatsby','The Great Gatsby',NULL,'9789174292930',22,2,1,2,1,1,6,NULL,NULL),(383,'Barn av sin stad',NULL,NULL,'9100559911',22,2,1,2,1,1,6,NULL,NULL),(384,'Den tredje tvillingen','The Third Twin',NULL,'9100570877',22,2,1,2,1,1,6,NULL,NULL),(385,'En värld utan slut','World without end',NULL,'9789100172664',22,2,1,2,1,1,6,NULL,NULL),(386,'Svärdet och spiran','The Pillars of the Earth',NULL,'9789100172657',22,2,1,2,1,1,6,NULL,NULL),(387,'Dödlig strid','Whiteout',NULL,'9789100111717',22,2,1,2,1,1,6,NULL,NULL),(388,'Flickan i spegeln',NULL,NULL,'9132307373',22,2,1,2,1,1,6,NULL,NULL),(389,'A Passage to India',NULL,NULL,'0141183101',22,2,2,2,1,1,6,NULL,NULL),(390,'Starman','Starman',NULL,'9137087487',22,2,1,2,1,1,6,NULL,NULL),(391,'Mörk passion','A Dark Devotion',NULL,'9176436594',22,2,1,2,1,1,6,NULL,NULL),(392,'The Last Highlander',NULL,NULL,'9780007229505',22,2,2,2,1,1,6,NULL,NULL),(393,'För ett hus av sten',NULL,NULL,'9789146218524',22,2,1,2,1,1,6,NULL,NULL),(394,'Var inte rädd','Never fear',NULL,'9789146216377',22,2,1,2,1,1,6,NULL,NULL),(395,'The Ocean at the End of the Lane',NULL,NULL,'9781472208668',23,2,2,2,1,1,6,NULL,NULL),(396,'Gökens rop','The Cuckoo\'s Calling',NULL,'9789146225775',23,2,1,2,1,1,6,NULL,NULL),(397,'Sofies värld','Sofies Verden',NULL,'9129621968',23,2,1,2,1,1,6,NULL,NULL),(398,'Vill gå hem',NULL,NULL,'9118911919',23,2,1,2,1,1,6,NULL,NULL),(399,'Präriehundarna',NULL,NULL,'9118818218',23,2,1,2,1,1,6,NULL,NULL),(400,'Tortyrens återkomst',NULL,NULL,'9789173432863',23,2,1,2,1,1,6,NULL,NULL),(401,'Sekten','China Lake',NULL,'9789113019420',23,2,1,2,1,1,6,NULL,NULL),(402,'Svarte Jack','Black Jack',NULL,'9174484192',23,2,1,2,1,1,6,NULL,NULL),(403,'Jag älskade honom','Je l\'amais',NULL,'9789100113971',23,2,1,2,1,1,6,NULL,NULL),(404,'Solens dotter','Child of the Morning',NULL,'9137103865',23,2,1,2,1,1,6,NULL,NULL),(405,'Skriften från Sakkara','Scroll of Saqqara',NULL,'9161403431',23,2,1,2,1,1,6,NULL,NULL),(406,'Legender från Drenai 1: Belägringen','Legend',NULL,'9132324642',23,2,1,2,1,1,6,NULL,NULL),(407,'Den verkliga brottslingen','In Pursuit of the Proper Sinner',NULL,'9176436845',23,2,1,2,1,1,6,NULL,NULL),(408,'Minnets labyrint','A Traitor to Memory',NULL,'9151837080',23,2,1,2,1,1,6,NULL,NULL),(409,'Pepparkakshuset',NULL,NULL,'9789186067090',23,2,1,2,1,1,6,NULL,NULL),(410,'Mona Lisa Overdrive','Mona Lisa Overdrive',NULL,'9119412118',23,1,1,2,1,1,6,NULL,NULL),(411,'Neuromancer','Neuromancer',NULL,'9119027818',23,1,1,2,1,1,6,NULL,NULL),(412,'Count Zero','Count Zero',NULL,'9119411316',23,1,1,2,1,1,6,NULL,NULL),(413,'Virtual Light','Virtual Light',NULL,'9119414226',23,1,1,2,1,1,6,NULL,NULL),(414,'Skadad','Damaged',NULL,'9789150500523',23,2,1,2,1,1,6,NULL,NULL),(415,'En geishas memoarer','Memoires of a Geisha',NULL,'9171335838',23,2,1,2,1,1,6,NULL,NULL),(416,'Före detta fruars klubb','The First Wives Club',NULL,'9143041159',23,2,1,2,1,1,6,NULL,NULL),(417,'Sanningens svärd del 4: Färden från Lerfolket',NULL,NULL,'9132325940',23,2,1,2,1,1,6,NULL,NULL),(418,'Sanningens svärd del 5: Profeternas palats',NULL,NULL,'9132434294',23,2,1,2,1,1,6,NULL,NULL),(419,'Sanningens svärd del 3: Tårarnas sten',NULL,NULL,'913232474X',23,2,1,2,1,1,6,NULL,NULL),(420,'Sanningens svärd del 2: Trollkarlens första regel',NULL,NULL,'9132323638',23,2,1,2,1,1,6,NULL,NULL),(421,'Ormstenens gåta','The Snake Stone',NULL,'9789150111712',23,2,1,2,1,1,6,NULL,NULL),(422,'Galen i humlor',NULL,NULL,'9789187419584',23,2,1,2,1,1,6,NULL,NULL),(423,'Stolthet och Fördom och Zombier','Pride and Prejudice and Zombies',NULL,'9789185861224',24,2,1,2,1,1,6,NULL,NULL),(424,'C som i chock','\"C\" is for Corpse',NULL,'9171333576',24,2,1,2,1,1,6,NULL,NULL),(425,'En mässa för de döda','Miserere',NULL,'9789174291438',24,2,1,2,1,1,6,NULL,NULL),(426,'Svavelvinter',NULL,NULL,'9789186437725',24,2,1,2,1,1,6,NULL,NULL),(427,'Den stillsamme amerikanen','The Quiet American',NULL,'9174481800',24,2,1,2,1,1,6,NULL,NULL),(428,'Doktor Fischer, Genève eller Bombpartyt','Doctor Fischer of Geneva or The Bomb Party',NULL,'9176420418',24,2,1,2,1,1,6,NULL,NULL),(429,'Slutet på historien','The End of the Affair',NULL,NULL,24,2,1,2,1,1,6,NULL,NULL),(430,'Den första hustrun','The Constant Princess',NULL,'9789173512466',24,2,1,2,1,1,6,NULL,NULL),(431,'Den dagen min dotter blev galen','Hurry down sunshine',NULL,'9789172321649',24,2,1,2,1,1,6,NULL,NULL),(432,'Barnsköterskan','The Nanny',NULL,'917707081X',24,2,1,2,1,1,6,NULL,NULL),(433,'Vänner för livet','Friends to the End. The True Value of Friendship',NULL,'9789100109851',24,2,1,2,1,1,6,NULL,NULL),(434,'Dödscellen','The Chamber',NULL,'9171194290',24,1,1,2,1,1,6,NULL,NULL),(435,'Julfritt','Skipping Christmas',NULL,'9100580317',24,2,1,2,1,1,6,NULL,NULL),(436,'Den samvetslöse','The Appeal',NULL,'9789143500493',24,2,1,2,1,1,6,NULL,NULL),(437,'Brödraskapet','The Brethren',NULL,'9100569259',24,2,1,2,1,1,6,NULL,NULL),(438,'Partners','The Partner',NULL,'9176434966',24,2,1,2,1,1,6,NULL,NULL),(439,'Det målade huset','A Painted House',NULL,'9100576913',24,2,1,2,1,1,6,NULL,NULL),(440,'Utpressningen','The Associate',NULL,'9789174290776',24,2,1,2,1,1,6,NULL,NULL),(441,'Guccikrigen','Gucci Wars',NULL,'9789186369057',24,2,1,2,1,1,6,NULL,NULL),(442,'Den demokratiske terroristen',NULL,NULL,'9119024126',24,1,1,2,1,1,6,NULL,NULL),(443,'Fienden inom oss',NULL,NULL,'9789185625697',24,2,1,2,1,1,6,NULL,NULL),(444,'Ondskan',NULL,NULL,'9164200515',24,2,1,2,1,1,6,NULL,NULL),(445,'Vägen till Jerusalem',NULL,NULL,'9176435768',24,2,1,2,1,1,6,NULL,NULL),(446,'Dandy',NULL,NULL,'9789187319358',24,2,1,2,1,1,6,NULL,NULL),(447,'Madame Terror',NULL,NULL,'9789185625291',24,2,1,2,1,1,6,NULL,NULL),(448,'Tempelriddaren',NULL,NULL,'9176436853',24,2,1,2,1,1,6,NULL,NULL),(449,'Riket vid vägens slut',NULL,NULL,'9164200019',24,2,1,2,1,1,6,NULL,NULL),(450,'Coq Rouge',NULL,NULL,'9119024029',24,1,1,2,1,1,6,NULL,NULL),(451,'Tjuvarnas marknad',NULL,NULL,'9164201929',24,2,1,2,1,1,6,NULL,NULL),(452,'Men inte om det gäller min dotter',NULL,NULL,'9789164202659',25,2,1,2,1,1,6,NULL,NULL),(453,'Helenas hämnd',NULL,NULL,'9789187319679',25,2,1,2,1,1,6,NULL,NULL),(454,'Maskrosungen',NULL,NULL,'9789170026478',25,2,1,2,1,1,6,NULL,NULL),(455,'De osannolika systrarna Mitford',NULL,NULL,'9100580325',25,2,1,2,1,1,6,NULL,NULL),(456,'The Curious Incident',NULL,NULL,'0099470438',25,2,2,2,1,1,6,NULL,NULL),(457,'Ladies',NULL,NULL,'9789173534000',25,2,1,2,1,1,6,NULL,NULL),(458,'The Neutronium Alchemist',NULL,NULL,'0330351435',25,2,2,2,1,1,6,NULL,NULL),(459,'Pandora\'s Star',NULL,NULL,'0330493310',25,2,2,2,1,1,6,NULL,NULL),(460,'The Naked God',NULL,NULL,'0330351451',25,2,2,2,1,1,6,NULL,NULL),(461,'A Second Chance at Eden',NULL,NULL,'9780330351829',25,2,2,2,1,1,6,NULL,NULL),(462,'Misspent Youth',NULL,NULL,'9780330480222',25,2,2,2,1,1,6,NULL,NULL),(463,'Den älskvärde',NULL,NULL,'9172631937',25,2,1,2,1,1,6,NULL,NULL),(464,'Gentlemän och spelare','Gentlemen & Players',NULL,'9789170014765',25,2,1,2,1,1,6,NULL,NULL),(465,'Faderland','Fatherland',NULL,'9137103369',25,1,1,2,1,1,6,NULL,NULL),(466,'Min bror vinden','Brother Wind',NULL,'9137106171',25,2,1,2,1,1,6,NULL,NULL),(467,'Moder Jord, Fader Himmel','Mother Earth, Father Sky',NULL,'9137104888',25,2,1,2,1,1,6,NULL,NULL),(468,'Slottet det vita','Slottet det hvite',NULL,'9120074875',25,1,1,2,1,1,6,NULL,NULL),(469,'Kosmos - En kort historik','A Brief History of Time',NULL,'9151825090',25,1,1,2,1,1,6,NULL,NULL),(470,'The Grand Design',NULL,NULL,'9780553819229',25,1,2,2,1,1,6,NULL,NULL),(471,'The Traveller - Vandraren','The Traveler',NULL,'9789170014505',25,2,1,2,1,1,6,NULL,NULL),(472,'Spökflickan','Ghost Girl',NULL,'9127054535',25,2,1,2,1,1,6,NULL,NULL),(473,'Den mekaniska katten','The Mechanical Cat',NULL,'9127099431',25,2,1,2,1,1,6,NULL,NULL),(474,'Över näktergalens golv','Across the Nightingale Floor',NULL,'9163826372',25,2,1,2,1,1,6,NULL,NULL),(475,'Blossoms and Shadows',NULL,NULL,'9780857382986',25,2,2,2,1,1,6,NULL,NULL),(476,'Emperor of the Eight Islands',NULL,NULL,'9781509812790',25,2,2,2,1,1,6,NULL,NULL),(477,'Under lysande måne','Brilliance of the Moon',NULL,'9163837439',26,2,1,2,1,1,6,NULL,NULL),(478,'Vid hägerns skarpa skri','The Harsh Cry of the Heron',NULL,'9789170015427',26,2,1,2,1,1,6,NULL,NULL),(479,'The Past Through Tomorrow',NULL,NULL,'9780575120860',26,1,2,2,1,1,6,NULL,NULL),(480,'Stranger in a Strange Land',NULL,NULL,'0450547426',26,1,2,2,1,1,6,NULL,NULL),(481,'Glory Road',NULL,NULL,'9780765312228',26,1,2,2,1,1,6,NULL,NULL),(482,'The Moon is a Harsh Mistress',NULL,NULL,'9780575082410',26,1,2,2,1,1,6,NULL,NULL),(483,'Double Star',NULL,NULL,'9780575122031',26,1,2,2,1,1,6,NULL,NULL),(484,'The Puppet Masters',NULL,NULL,'9781439133767',26,1,2,2,1,1,6,NULL,NULL),(485,'Starship Troopers',NULL,NULL,'9780785787280',26,1,2,2,1,1,6,NULL,NULL),(486,'Time Enough for Love',NULL,NULL,'9780441810765',26,1,2,2,1,1,6,NULL,NULL),(487,'The Cat Who Walks Through Walls',NULL,NULL,'9780441094998',26,1,2,2,1,1,6,NULL,NULL),(488,'I Will Fear No Evil',NULL,NULL,'9780441359172',26,1,2,2,1,1,6,NULL,NULL),(489,'Friday',NULL,NULL,'9780345309884',26,1,2,2,1,1,6,NULL,NULL),(490,'Hedersmord',NULL,NULL,'9789185801558',26,2,1,2,1,1,6,NULL,NULL),(491,'Krakel Spektakel boken',NULL,NULL,'9129566762',26,2,1,2,1,1,6,NULL,NULL),(492,'Dune',NULL,NULL,'0441172717',26,1,2,2,1,1,6,NULL,NULL),(493,'Children of Dune',NULL,NULL,'0450034275',26,2,2,2,1,1,6,NULL,NULL),(494,'Den hungriga prinsessan',NULL,NULL,'9789164201959',26,2,1,2,1,1,6,NULL,NULL),(495,'Syskonsvek','Swimming',NULL,'9100576026',26,2,1,2,1,1,6,NULL,NULL),(496,'Dalen som dränktes','On Beulah Height',NULL,'9189380061',26,2,1,2,1,1,6,NULL,NULL),(497,'En hjärtformad ask','Heart-shaped Box',NULL,'9789172639324',26,2,1,2,1,1,6,NULL,NULL),(498,'Vålnader','20th Century Ghosts',NULL,'9789113019093',26,2,1,2,1,1,6,NULL,NULL),(499,'The Dragon Keeper',NULL,NULL,'9780007342594',26,2,2,2,1,1,6,NULL,NULL),(500,'Dragon Heaven',NULL,NULL,'9780007349104',26,2,2,2,1,1,6,NULL,NULL),(501,'City of Dragons',NULL,NULL,'9780007273805',26,2,2,2,1,1,6,NULL,NULL),(502,'Blood of Dragons',NULL,NULL,'9780007444137',27,2,2,2,1,1,6,NULL,NULL),(503,'Vargbroder','The Farseer: Royal Assassin',NULL,'9127072274',27,2,1,2,1,1,6,NULL,NULL),(504,'Kungamordet','Kongemordet',NULL,'9789100111007',27,2,1,2,1,1,6,NULL,NULL),(505,'Demonens död',NULL,NULL,'9113003658',27,2,1,2,1,1,6,NULL,NULL),(506,'Slottet i mina drömmar','The Legent of the Seventh Virgin',NULL,NULL,27,2,1,2,1,1,6,NULL,NULL),(507,'Skuggor över Kirkland','Kirkland Revels',NULL,NULL,27,2,1,2,1,1,6,NULL,NULL),(508,'Fallhöjd','A Long Way Down',NULL,'9170013764',27,2,1,2,1,1,6,NULL,NULL),(509,'Om en pojke','About a Boy',NULL,'9176435326',27,2,1,2,1,1,6,NULL,NULL),(510,'Drottningoffret','Dronningeofret',NULL,'9789174290967',27,2,1,2,1,1,6,NULL,NULL),(511,'Solblixt Stavbäraren','Outcast of Redwall',NULL,'9163821753',27,2,1,2,1,1,6,NULL,NULL),(512,'Döden går ronden','Shroud for a Nightingale',NULL,'9146128085',27,2,1,2,1,1,6,NULL,NULL),(513,'Fyren','The Lighthouse',NULL,'9789170014574',27,2,1,2,1,1,6,NULL,NULL),(514,'The Private Patient',NULL,NULL,'9780141044477',27,2,2,2,1,1,6,NULL,NULL),(515,'Av oskyldigt blod','Innocent Blood',NULL,'9176420701',27,2,1,2,1,1,6,NULL,NULL),(516,'Pojke försvunnen',NULL,NULL,'9789170015984',27,2,1,2,1,1,6,NULL,NULL),(517,'Inte ens det förflutna',NULL,NULL,'9789170016875',27,2,1,2,1,1,6,NULL,NULL),(518,'Agadir, my love',NULL,NULL,'9100567426',27,2,1,2,1,1,6,NULL,NULL),(519,'Stad i mörker',NULL,NULL,NULL,27,NULL,1,2,1,1,6,NULL,NULL),(520,'De oskuldsfulla','Not Without my Sister',NULL,'9789170024948',27,2,1,2,1,1,6,NULL,NULL),(521,'Douglas Adams\'s Starship Titanic',NULL,NULL,'0330354469',27,1,2,2,1,1,6,NULL,NULL),(522,'Rädd att flyga','Fear of Flying',NULL,'9117510929',27,NULL,1,2,1,1,6,NULL,NULL),(523,'The Wheel of Time 1: The Eye of the World',NULL,NULL,'0812511816',27,2,2,2,1,1,6,NULL,NULL),(524,'The Wheel of Time 9: Winter\'s Heart',NULL,NULL,'1841490717',27,2,2,2,1,1,6,NULL,NULL),(525,'The Wheel of Time 7: A Crown of Swords',NULL,NULL,'9780812550283',27,2,2,2,1,1,6,NULL,NULL),(526,'The Wheel of Time 8: The Path of Daggers',NULL,NULL,'9781857235692',27,2,2,2,1,1,6,NULL,NULL),(527,'The Wheel of Time 10: Crossroads of Twilight',NULL,NULL,'1841491837',28,2,2,2,1,1,6,NULL,NULL),(528,'The Wheel of Time 12: The Gathering Storm',NULL,NULL,'9781841492322',28,2,2,2,1,1,6,NULL,NULL),(529,'The Wheel of Time 14: A Memory of Light',NULL,NULL,'9781841498713',28,2,2,2,1,1,6,NULL,NULL),(530,'The Wheel of Time 4: The Shadow Rising',NULL,NULL,'0812513738',28,2,2,2,1,1,6,NULL,NULL),(531,'New Spring',NULL,NULL,'1841492612',28,2,2,2,1,1,6,NULL,NULL),(532,'The Wheel of Time 11: Knife of Dreams',NULL,NULL,'1841492280',28,2,2,2,1,1,6,NULL,NULL),(533,'The Wheel of Time 6: Lord of Chaos',NULL,NULL,'185723300X',28,2,2,2,1,1,6,NULL,NULL),(534,'The Wheel of Time 5: The Fires of Heaven',NULL,NULL,'1857232097',28,2,2,2,1,1,6,NULL,NULL),(535,'The Wheel of Time 3: The Dragon Reborn',NULL,NULL,'1857230655',28,2,2,2,1,1,6,NULL,NULL),(536,'The Wheel of Time 2: The Great Hunt',NULL,NULL,'1857230272',28,2,2,2,1,1,6,NULL,NULL),(537,'The Wheel of Time 13: Towers of Midnight',NULL,NULL,'9781841498676',28,2,2,2,1,1,6,NULL,NULL),(538,'Processen','Der Prozess',NULL,'9789186745325',28,2,1,2,1,1,6,NULL,NULL),(539,'3096 Days',NULL,NULL,'9780670919994',28,2,2,2,1,1,6,NULL,NULL),(540,'Sommardöden',NULL,NULL,'9789185625949',28,2,1,2,1,1,6,NULL,NULL),(541,'Humoristens pojke',NULL,NULL,NULL,28,1,1,2,1,1,6,NULL,NULL),(542,'En förtjusande pappa',NULL,NULL,NULL,28,1,1,2,1,1,6,NULL,NULL),(543,'Sandmannen',NULL,NULL,'9789100130169',28,2,1,2,1,1,6,NULL,NULL),(544,'Paganinikontraktet',NULL,NULL,'9789100124694',28,2,1,2,1,1,6,NULL,NULL),(545,'Hypnotisören',NULL,NULL,'9789170017582',28,2,1,2,1,1,6,NULL,NULL),(546,'Ond kärlek','Bad Love',NULL,'9176432130',28,2,1,2,1,1,6,NULL,NULL),(547,'Speer Bullets Reloading Manual',NULL,14,'9780979186004',10,1,2,1,1,1,6,NULL,NULL),(548,'När sista spärren släpper','When the bough breaks',NULL,'9176424251',29,2,1,2,1,1,6,NULL,NULL),(549,'Gallret','Gridiron',NULL,'9100565636',29,2,1,2,1,1,6,NULL,NULL),(550,'Flowers for Algernon',NULL,NULL,'9781857989380',29,2,2,2,1,1,6,NULL,NULL),(551,'Montecore',NULL,NULL,'9789170014321',29,2,1,2,1,1,6,NULL,NULL),(552,'Om jag överlever','If I perish',NULL,'9173361771',29,2,1,2,1,1,6,NULL,NULL),(553,'Carrie','Carrie',NULL,'9158206981',29,1,1,2,1,1,6,NULL,NULL),(554,'Död zon','The Dead Zone',NULL,'9158205543',29,1,1,2,1,1,6,NULL,NULL),(555,'Nightmares and Dreamscapes',NULL,NULL,'0450610098',29,1,2,2,1,1,6,NULL,NULL),(556,'Vinterverk','Different Seasons',NULL,'9158207430',29,1,1,2,1,1,6,NULL,NULL),(557,'Sommardåd','Different Seasons',NULL,'9158206914',29,1,1,2,1,1,6,NULL,NULL),(558,'Cujo','Cujo',NULL,'9158204725',29,1,1,2,1,1,6,NULL,NULL),(559,'Christine','Christine',NULL,'9158209271',29,1,1,2,1,1,6,NULL,NULL),(560,'Sömnlös','Insomnia',NULL,'9170021538',29,2,1,2,1,1,6,NULL,NULL),(561,'Misery',NULL,NULL,NULL,NULL,1,2,2,1,1,6,NULL,NULL),(562,'The Bachman Books',NULL,NULL,NULL,29,1,2,2,1,1,6,NULL,NULL),(563,'Den förskräckliga apan','Skeleton Crew',NULL,'9158211349',29,1,1,2,1,1,6,NULL,NULL),(564,'Needful Things',NULL,NULL,'0450613615',29,2,2,2,1,1,6,NULL,NULL),(565,'Eldfödd','Firestarter',NULL,'9158205012',29,1,1,2,1,1,6,NULL,NULL),(566,'Den som finner','Finders Keepers',NULL,'9789175035772',29,2,1,2,1,1,6,NULL,NULL),(567,'Liseys berättelse','Lisey\'s Story',NULL,'9789170026577',29,2,1,2,1,1,6,NULL,NULL),(568,'Mr Mercedes','Mr. Mercedes',NULL,'9789175035154',29,2,1,2,1,1,6,NULL,NULL),(569,'Doctor Sleep',NULL,NULL,'9781444783247',29,2,2,2,1,1,6,NULL,NULL),(570,'Dagens arbete',NULL,NULL,NULL,30,1,1,2,1,1,6,NULL,NULL),(571,'Råttan i pizzan',NULL,NULL,'9119525826',30,1,1,2,1,1,6,NULL,NULL),(572,'Dolt under isen','Unter dem Eis',NULL,'9789100115173',30,2,1,2,1,1,6,NULL,NULL),(573,'Främlingar','Strangers',NULL,'9177522397',30,2,1,2,1,1,6,NULL,NULL),(574,'Väktare','Watchers',NULL,'9177521552',30,2,1,2,1,1,6,NULL,NULL),(575,'Odd Thomas','Odd Thomas',NULL,'9789170026652',30,2,1,2,1,1,6,NULL,NULL),(576,'Tid för Odd','Odd Hours',NULL,'9789170028434',30,2,1,2,1,1,6,NULL,NULL),(577,'Skuggeld','Shadowfires',NULL,'9177521714',30,2,1,2,1,1,6,NULL,NULL),(578,'Vakande ögon','From the Corner of his Eye',NULL,'9171338330',30,2,1,2,1,1,6,NULL,NULL),(579,'Draktårar','Dragon Tears',NULL,'9143020399',30,2,1,2,1,1,6,NULL,NULL),(580,'Gömstället','Hideaway',NULL,'9171198415',30,2,1,2,1,1,6,NULL,NULL),(581,'Trasdockan','Ticktock',NULL,'9171335773',30,2,1,2,1,1,6,NULL,NULL),(582,'Falskt minne','False Memory',NULL,'9171337121',30,2,1,2,1,1,6,NULL,NULL),(583,'Ansiktet','The Face',NULL,'9789170023408',30,2,1,2,1,1,6,NULL,NULL),(584,'Kritikern','Relentless',NULL,'9789175130422',30,2,1,2,1,1,6,NULL,NULL),(585,'Stormdancer',NULL,NULL,'9781447200499',30,2,2,2,1,1,6,NULL,NULL),(586,'Mannen som sökte sin skugga',NULL,NULL,'9789113073736',30,2,1,2,1,1,6,NULL,NULL),(587,'Gösta Berlings saga',NULL,NULL,NULL,30,2,1,2,1,1,6,NULL,NULL),(588,'Den heliga natten',NULL,NULL,'9158219226',30,2,1,2,1,1,6,NULL,NULL),(589,'Snabba cash',NULL,NULL,'9789170014536',30,2,1,2,1,1,6,NULL,NULL),(590,'Sjunkna palats','Sunkne paladser',NULL,'9171393161',30,2,1,2,1,1,6,NULL,NULL),(591,'Luftslottet som sprängdes',NULL,NULL,'9789113020914',30,2,1,2,1,1,6,NULL,NULL),(592,'Mr Noon','Mr. Noon',NULL,'9186536141',30,1,1,2,1,1,6,NULL,NULL),(593,'Emperor of Thorns',NULL,NULL,'9780007439065',30,2,2,2,1,1,6,NULL,NULL),(594,'Prince of Fools',NULL,NULL,'9780425268780',31,2,2,2,1,1,6,NULL,NULL),(595,'King of Thorns',NULL,NULL,'9780007481897',31,2,2,2,1,1,6,NULL,NULL),(596,'Prince of Thorns',NULL,NULL,'9780007423637',31,2,2,2,1,1,6,NULL,NULL),(597,'Ingenting är heligt','Sacred',NULL,'9789100120559',31,2,1,2,1,1,6,NULL,NULL),(598,'Patient 67','Shutter Island',NULL,'9170011834',31,2,1,2,1,1,6,NULL,NULL),(599,'En överlevandes minnen','The Memoirs of a Survivor',NULL,'9171601287',31,2,1,2,1,1,6,NULL,NULL),(600,'The Grass is Singing',NULL,NULL,'9780586089248',31,2,2,2,1,1,6,NULL,NULL),(601,'Why Tolerate Religion?',NULL,NULL,'9780691153612',31,1,2,2,1,1,6,NULL,NULL),(602,'Proggiga barnböcker',NULL,NULL,'9789186691318',31,2,1,2,1,1,6,NULL,NULL),(603,'Femtiotvå festliga riksdagsledamöter',NULL,NULL,'9789186691288',31,1,1,2,1,1,6,NULL,NULL),(604,'Kung Caspian och skeppet Gryningen','The Voyage of the \"Dawn Treader\"',NULL,'9163839008',31,2,1,2,1,1,6,NULL,NULL),(605,'Min morbror trollkarlen','The Magician\'s Nephew',NULL,'9163839040',31,2,1,2,1,1,6,NULL,NULL),(606,'Häxan och lejonet','The Lion, the Witch and the Wardrobe',NULL,'9163839059',31,2,1,2,1,1,6,NULL,NULL),(607,'Den sista striden','The Last Battle',NULL,'9163839032',31,2,1,2,1,1,6,NULL,NULL),(608,'Silvertronen','The Silver Chair',NULL,'9163838990',31,2,1,2,1,1,6,NULL,NULL),(609,'Hästen och hans pojke','The Horse and His Boy',NULL,'9163839024',31,2,1,2,1,1,6,NULL,NULL),(610,'Marianne, en barnrikehusunge i skuggan av ett krig',NULL,NULL,'9789197974042',31,2,1,2,1,1,6,NULL,NULL),(611,'Den dubbla rollen',NULL,NULL,'9100478075',31,2,1,2,1,1,6,NULL,NULL),(612,'I vildmarkens hägn',NULL,NULL,NULL,31,1,1,2,1,1,6,NULL,NULL),(613,'Identitet Kain','The Bourne Identity',NULL,'9132421710',31,2,1,2,1,1,6,NULL,NULL),(614,'Operation Hongkong','The Bourne Supremacy',NULL,'9132313551',31,1,1,2,1,1,6,NULL,NULL),(615,'Lasarus hämnd','The Lazarus Vendetta',NULL,'9789173516365',31,2,1,2,1,1,6,NULL,NULL),(616,'Ingen tobak inget halleluja',NULL,NULL,NULL,31,1,1,2,1,1,6,NULL,NULL),(617,'Miko','The Miko',NULL,'9132313691',31,1,1,2,1,1,6,NULL,NULL),(618,'Sjöjungfrun',NULL,NULL,'9789175032535',31,2,1,2,1,1,6,NULL,NULL),(619,'Fyrvaktaren',NULL,NULL,'9789175032542',31,2,1,2,1,1,6,NULL,NULL),(620,'Lejontämjaren',NULL,NULL,'9789137137780',31,2,1,2,1,1,6,NULL,NULL),(621,'Lönnmördaren','Alistair MacLean\'s Time of the Assassins',NULL,'9143020194',31,1,1,2,1,1,6,NULL,NULL),(622,'Station Zebra','Ice Station Zebra',NULL,NULL,31,1,1,2,1,1,6,NULL,NULL),(623,'Godnatt Mister Tom','Goodnight, Mr. Tom',NULL,'9155035566',31,2,1,2,1,1,6,NULL,NULL),(624,'Den femte graven','Le tombeau d\'hélios',NULL,NULL,31,2,1,2,1,1,6,NULL,NULL),(625,'Rismodern','The Rice Mother',NULL,'9146200290',32,2,1,2,1,1,6,NULL,NULL),(626,'Asyl',NULL,NULL,'9164201368',32,2,1,2,1,1,6,NULL,NULL),(627,'Den röda vargen',NULL,NULL,'9789164201294',32,2,1,2,1,1,6,NULL,NULL),(628,'Studio sex',NULL,NULL,'9197359734',32,2,1,2,1,1,6,NULL,NULL),(629,'Livstid',NULL,NULL,'9789164202390',32,2,1,2,1,1,6,NULL,NULL),(630,'Paradiset',NULL,NULL,'9189426010',32,2,1,2,1,1,6,NULL,NULL),(631,'Den finns en särskild plats i helvetet för kvinnor som inte hjälper varandra',NULL,NULL,'9164201643',32,2,1,2,1,1,6,NULL,NULL),(632,'Nobels testamente',NULL,NULL,'9789185625284',32,2,1,2,1,1,6,NULL,NULL),(633,'Sprängaren',NULL,NULL,'9197338079',32,2,1,2,1,1,6,NULL,NULL),(634,'Gömda',NULL,NULL,'9189426045',32,2,1,2,1,1,6,NULL,NULL),(635,'Berättelsen om Pi','Life of Pi',NULL,'9185251003',32,2,1,2,1,1,6,NULL,NULL),(636,'Game of Thrones: A Feast for Crows',NULL,NULL,'9780553582024',32,2,2,2,1,1,6,NULL,NULL),(637,'Game of Thrones: A Clash of Kings',NULL,NULL,'9780553579901',32,2,2,2,1,1,6,NULL,NULL),(638,'Game of Thrones: A Game of Thrones',NULL,NULL,'9780553573404',32,2,2,2,1,1,6,NULL,NULL),(639,'Game of Thrones: A Storm of Swords',NULL,NULL,'9780553573428',32,2,2,2,1,1,6,NULL,NULL),(640,'Terminal Café',NULL,NULL,'055357261X',32,2,2,2,1,1,6,NULL,NULL),(641,'Breaking Dawn',NULL,NULL,'9781905654291',32,2,2,2,1,1,6,NULL,NULL),(642,'Eclipse',NULL,NULL,'9781904233916',32,2,2,2,1,1,6,NULL,NULL),(643,'New Moon',NULL,NULL,'9781904233886',32,2,2,2,1,1,6,NULL,NULL),(644,'The Host',NULL,NULL,'9780751540642',32,2,2,2,1,1,6,NULL,NULL),(645,'Dolly Parton - en smart blondin','Smart Blonde: The Life of Dolly Parton',NULL,'9789185697076',32,2,1,2,1,1,6,NULL,NULL),(646,'Amagansett','Amagansett',NULL,'9100106313',32,2,1,2,1,1,6,NULL,NULL);
/*!40000 ALTER TABLE `Book` ENABLE KEYS */;
UNLOCK TABLES;

--
-- Table structure for table `Category`
--

DROP TABLE IF EXISTS `Category`;
/*!40101 SET @saved_cs_client     = @@character_set_client */;
/*!40101 SET character_set_client = utf8 */;
CREATE TABLE `Category` (
  `categoryID` bigint(20) NOT NULL AUTO_INCREMENT,
  `name` varchar(255) COLLATE utf8_swedish_ci NOT NULL,
  PRIMARY KEY (`categoryID`),
  UNIQUE KEY `categoryID_UNIQUE` (`categoryID`)
) ENGINE=InnoDB AUTO_INCREMENT=3 DEFAULT CHARSET=utf8 COLLATE=utf8_swedish_ci;
/*!40101 SET character_set_client = @saved_cs_client */;

--
-- Dumping data for table `Category`
--

LOCK TABLES `Category` WRITE;
/*!40000 ALTER TABLE `Category` DISABLE KEYS */;
INSERT INTO `Category` VALUES (1,'Facklitteratur'),(2,'Skönlitteratur');
/*!40000 ALTER TABLE `Category` ENABLE KEYS */;
UNLOCK TABLES;

--
-- Table structure for table `CategoryMap`
--

DROP TABLE IF EXISTS `CategoryMap`;
/*!40101 SET @saved_cs_client     = @@character_set_client */;
/*!40101 SET character_set_client = utf8 */;
CREATE TABLE `CategoryMap` (
  `bookID` bigint(20) NOT NULL,
  `categoryID` bigint(20) NOT NULL,
  PRIMARY KEY (`bookID`,`categoryID`)
) ENGINE=InnoDB DEFAULT CHARSET=utf8 COLLATE=utf8_swedish_ci;
/*!40101 SET character_set_client = @saved_cs_client */;

--
-- Dumping data for table `CategoryMap`
--

LOCK TABLES `CategoryMap` WRITE;
/*!40000 ALTER TABLE `CategoryMap` DISABLE KEYS */;
/*!40000 ALTER TABLE `CategoryMap` ENABLE KEYS */;
UNLOCK TABLES;

--
-- Table structure for table `Language`
--

DROP TABLE IF EXISTS `Language`;
/*!40101 SET @saved_cs_client     = @@character_set_client */;
/*!40101 SET character_set_client = utf8 */;
CREATE TABLE `Language` (
  `languageID` bigint(20) NOT NULL AUTO_INCREMENT,
  `name` varchar(45) COLLATE utf8_swedish_ci NOT NULL,
  PRIMARY KEY (`languageID`),
  UNIQUE KEY `languageID_UNIQUE` (`languageID`)
) ENGINE=InnoDB AUTO_INCREMENT=6 DEFAULT CHARSET=utf8 COLLATE=utf8_swedish_ci;
/*!40101 SET character_set_client = @saved_cs_client */;

--
-- Dumping data for table `Language`
--

LOCK TABLES `Language` WRITE;
/*!40000 ALTER TABLE `Language` DISABLE KEYS */;
INSERT INTO `Language` VALUES (1,'Svenska'),(2,'Engelska'),(3,'Tyska'),(4,'Franska'),(5,'Spanska');
/*!40000 ALTER TABLE `Language` ENABLE KEYS */;
UNLOCK TABLES;

--
-- Table structure for table `Location`
--

DROP TABLE IF EXISTS `Location`;
/*!40101 SET @saved_cs_client     = @@character_set_client */;
/*!40101 SET character_set_client = utf8 */;
CREATE TABLE `Location` (
  `locationID` bigint(20) NOT NULL AUTO_INCREMENT,
  `roomID` bigint(20) NOT NULL,
  `bookshelf` int(11) NOT NULL,
  `shelf` int(11) NOT NULL,
  PRIMARY KEY (`locationID`),
  UNIQUE KEY `locationID_UNIQUE` (`locationID`),
  UNIQUE KEY `location` (`roomID`,`bookshelf`,`shelf`)
) ENGINE=InnoDB AUTO_INCREMENT=33 DEFAULT CHARSET=utf8 COLLATE=utf8_swedish_ci;
/*!40101 SET character_set_client = @saved_cs_client */;

--
-- Dumping data for table `Location`
--

LOCK TABLES `Location` WRITE;
/*!40000 ALTER TABLE `Location` DISABLE KEYS */;
INSERT INTO `Location` VALUES (17,0,0,0),(1,1,1,1),(2,1,1,2),(3,1,1,3),(12,2,2,1),(11,4,1,1),(6,5,1,1),(5,5,1,2),(4,5,1,3),(7,5,2,1),(10,6,2,4),(8,8,1,1),(9,8,1,2),(22,8,2,1),(21,8,2,2),(20,8,2,3),(19,8,2,4),(18,8,2,5),(14,8,2,6),(28,8,3,1),(27,8,3,2),(26,8,3,3),(25,8,3,4),(24,8,3,5),(23,8,3,6),(32,8,4,3),(31,8,4,4),(30,8,4,5),(29,8,4,6),(13,8,5,1);
/*!40000 ALTER TABLE `Location` ENABLE KEYS */;
UNLOCK TABLES;

--
-- Table structure for table `Owner`
--

DROP TABLE IF EXISTS `Owner`;
/*!40101 SET @saved_cs_client     = @@character_set_client */;
/*!40101 SET character_set_client = utf8 */;
CREATE TABLE `Owner` (
  `ownerID` bigint(20) NOT NULL AUTO_INCREMENT,
  `name` varchar(45) COLLATE utf8_swedish_ci DEFAULT NULL,
  `surname` varchar(45) COLLATE utf8_swedish_ci DEFAULT NULL,
  PRIMARY KEY (`ownerID`),
  UNIQUE KEY `ownerID_UNIQUE` (`ownerID`)
) ENGINE=InnoDB AUTO_INCREMENT=3 DEFAULT CHARSET=utf8 COLLATE=utf8_swedish_ci;
/*!40101 SET character_set_client = @saved_cs_client */;

--
-- Dumping data for table `Owner`
--

LOCK TABLES `Owner` WRITE;
/*!40000 ALTER TABLE `Owner` DISABLE KEYS */;
INSERT INTO `Owner` VALUES (1,'Mikael','Bäckstedt'),(2,'Pimari','Bäckstedt');
/*!40000 ALTER TABLE `Owner` ENABLE KEYS */;
UNLOCK TABLES;

--
-- Table structure for table `Publisher`
--

DROP TABLE IF EXISTS `Publisher`;
/*!40101 SET @saved_cs_client     = @@character_set_client */;
/*!40101 SET character_set_client = utf8 */;
CREATE TABLE `Publisher` (
  `publisherID` bigint(20) NOT NULL AUTO_INCREMENT,
  `name` varchar(45) CHARACTER SET utf8 DEFAULT NULL,
  PRIMARY KEY (`publisherID`),
  UNIQUE KEY `publisherID_UNIQUE` (`publisherID`)
) ENGINE=InnoDB AUTO_INCREMENT=2 DEFAULT CHARSET=utf8 COLLATE=utf8_swedish_ci;
/*!40101 SET character_set_client = @saved_cs_client */;

--
-- Dumping data for table `Publisher`
--

LOCK TABLES `Publisher` WRITE;
/*!40000 ALTER TABLE `Publisher` DISABLE KEYS */;
INSERT INTO `Publisher` VALUES (1,'Okänt');
/*!40000 ALTER TABLE `Publisher` ENABLE KEYS */;
UNLOCK TABLES;

--
-- Table structure for table `Room`
--

DROP TABLE IF EXISTS `Room`;
/*!40101 SET @saved_cs_client     = @@character_set_client */;
/*!40101 SET character_set_client = utf8 */;
CREATE TABLE `Room` (
  `roomID` bigint(20) NOT NULL AUTO_INCREMENT,
  `name` varchar(255) COLLATE utf8_swedish_ci NOT NULL,
  PRIMARY KEY (`roomID`),
  UNIQUE KEY `roomID_UNIQUE` (`roomID`)
) ENGINE=InnoDB AUTO_INCREMENT=10 DEFAULT CHARSET=utf8 COLLATE=utf8_swedish_ci;
/*!40101 SET character_set_client = @saved_cs_client */;

--
-- Dumping data for table `Room`
--

LOCK TABLES `Room` WRITE;
/*!40000 ALTER TABLE `Room` DISABLE KEYS */;
INSERT INTO `Room` VALUES (1,'Kontoret'),(2,'TV-rummet'),(3,'Köket'),(4,'Pi:s hobbyrum'),(5,'Vardagsrummet'),(6,'Gymmet'),(7,'Gästrummet'),(8,'Sovrummet'),(9,'Garaget');
/*!40000 ALTER TABLE `Room` ENABLE KEYS */;
UNLOCK TABLES;

--
-- Table structure for table `Status`
--

DROP TABLE IF EXISTS `Status`;
/*!40101 SET @saved_cs_client     = @@character_set_client */;
/*!40101 SET character_set_client = utf8 */;
CREATE TABLE `Status` (
  `statusID` bigint(20) NOT NULL AUTO_INCREMENT,
  `name` varchar(45) COLLATE utf8_swedish_ci NOT NULL,
  PRIMARY KEY (`statusID`),
  UNIQUE KEY `statusID_UNIQUE` (`statusID`)
) ENGINE=InnoDB AUTO_INCREMENT=2 DEFAULT CHARSET=utf8 COLLATE=utf8_swedish_ci;
/*!40101 SET character_set_client = @saved_cs_client */;

--
-- Dumping data for table `Status`
--

LOCK TABLES `Status` WRITE;
/*!40000 ALTER TABLE `Status` DISABLE KEYS */;
INSERT INTO `Status` VALUES (1,'Okänd');
/*!40000 ALTER TABLE `Status` ENABLE KEYS */;
UNLOCK TABLES;
/*!40103 SET TIME_ZONE=@OLD_TIME_ZONE */;

/*!40101 SET SQL_MODE=@OLD_SQL_MODE */;
/*!40014 SET FOREIGN_KEY_CHECKS=@OLD_FOREIGN_KEY_CHECKS */;
/*!40014 SET UNIQUE_CHECKS=@OLD_UNIQUE_CHECKS */;
/*!40101 SET CHARACTER_SET_CLIENT=@OLD_CHARACTER_SET_CLIENT */;
/*!40101 SET CHARACTER_SET_RESULTS=@OLD_CHARACTER_SET_RESULTS */;
/*!40101 SET COLLATION_CONNECTION=@OLD_COLLATION_CONNECTION */;
/*!40111 SET SQL_NOTES=@OLD_SQL_NOTES */;

-- Dump completed on 2017-10-04 16:45:51
